hab,,,,,Finance,,,,,,,Learning,,,,,,,,,Productivity,,,,,,,,,,,,,,,,,Sustainability,,,,,,,,,Travel,,Wellbeing,,,,,,,,,,,,,,,,,,,,,,,,,,,,,,,,,,,,,,,,,,,,,,,,,,,,General,,,,,,,,,,,,,,,,,,,,,,,,,,,,,,,,,,,,,,,,,,,,,,,,,,,,,,,,5624,151,
Phase,Phase Specific Feature,,Apps,151,Wallet: Budget Expense Tracker,Mobills: Budget Planner,Money Lover - Spending Manager,Fortune City - A Finance App,Money Manager: Expense Tracker,"Bills Reminder, Budget Planner",52 Weeks Money Challenge,Brilliant,Kinnu: Superpower learning,flowkey: Learn piano,Babbel - Learn Languages,Lingo Journal Language Tracker,Sololearn: Learn to Code,Duolingo: language lessons,Busuu: Learn Languages,StudySmarter: Besser Lernen,Focus Plant: Pomodoro Forest,Milki - Pomodoro Study Timer,Stay Focused: Block App & Site,Minimalist Pomodoro Timer,Forest: Focus for Productivity,Engross: Focus Timer & To-Do,My Effectiveness Habits,"Flynow - Tasks, Habits & Goals",Flipd: Focus & Study Timer,aTimeLogger - Time Tracker,Focus Keeper - Time Management,Focus To-Do: Pomodoro & Tasks,SaveMyTime - Time Tracker,ActionDash: Screen Time Helper,YourHour - ScreenTime Control,StayFree - Screen Time Tracker,Productivity - Daily Planner,Climate Campaigners,Earth Hero: Climate Change,Environment Challenge,2zero - The CO2 calculator,Carbon Donut: act on climate,The Good Goal,Energy Buddy - Energiemanager,EcoHero - Eco Activity Tracker,Climate Game,Visited: Map Your Travels,My Bucket List & Life Goals,8fit Workouts & Meal Planner,TrainingPeaks,Simple Habit: Meditation,Insight Timer - Meditation App,Weight Tracker,Daily Yoga: Fitness+Meditation,Running App - GPS Run Tracker,"Running & Jogging, Run tracker",Symptom & Mood Tracker,Water Reminder - Remind Drink (0),Water Tracker: Water Reminder (1),Water Tracker - Water Reminder (2),Water Time Tracker & Reminder (3),Water Tracker - Hydro Coach (4),Water Reminder-Water Tracker (5),Water Tracker: WaterMinder app (6),Water Reminder: Drink Reminder (7),Hydrillo: Water Tracker (8),Dropy: Water tracker (9),My Water Day: drink reminder,Plant Nanny - Water Tracker,waterdrop Hydration App,My Water Reminder: Tracker App,adidas Running: Sports Tracker,YAZIO Fasting & Food Tracker,Step Tracker - Pedometer,Seven - 7 Minute Workout,Symptom Tracker,Greatness: Daily Habit Tracker,"Strava: Run, Bike, Hike",SleepTown,Calorie counter & Food tracker,BodyFast: Intermittent Fasting,Weight Tracker Journal & Photo,Fitbit,Calorie Counter by Lose It!,MyFitnessPal: Calorie Counter,Samsung Health,Google Fit: Activity Tracking,Sleep Monitor - Schlaftracker,Kwit - Quit smoking for good!,ASICS Runkeeper - Run Tracker,Stop eating sweets,Fitness Coach: Weight Loss,Healthy Minds Program,Fitbod Workout & Fitness Plans,Gym Workout Tracker: Gym Log,Nutrilio: Food Tracker & Water,NICORETTE Stop Smoking,Lifesum: Healthy Eating & Diet,"Calm - Sleep, Meditate, Relax",Weight Loss Tracker,MindShift CBT - Anxiety Relief,Avocation Goal & Habit Tracker,Amaha: anxiety self-care,Mood Tracker: Self-Care Habits,Habit Tracker- Daily Routine,Quitzilla: Bad Habit Tracker,Gratitude: Self-Care Journal,RoutineFlow: Routine & ADHD,Actie: Goal Tracker & Daily Planner,Habit Forest - Habit tracker,HabitMinder • Habit Tracker,Goal Setting Tracker Planner,Start Change: Make Resolutions,HabitShare - Habit Tracker,Goals planner,Moodflow: Mood Tracker,Habit Challenge - Life Change,21 Days Challenge,Routinery: Selfcare/Routine,Finch: Self Care Pet,To-do list - tasks planner,"Vision Board, Visualize dreams",Turn - Reading Tracker & Timer,Intellect: Create A Better You,Habit Rabbit: Habit Tracker,Timecap: Habit tracker & To-do,Moleskine Journey,Habio - Simple Habit Tracker,Habit Tracker - Proddy,Habit Tracker Planner HabitYou,Habit Tracker - Habit Diary,HabitHub - Habit & Goal Trackr,Fabulous Daily Routine Planner,Loop Habit Tracker,Rabit: Habit Tracker & Planner,HabitNow Daily Routine Planner,Goal Tracker Workout Calendar,Read More: A Reading Tracker,"StickyGoals: ToDo list,Planner",Daylio Journal - Mood Tracker,I Am Sober,TheFor: Habit Tracker,Octopus: Planner & Goal Setter,Tusk: task and habit manager,Headway: 15-Min Book Summaries,TickTick:To Do List & Calendar,Bookly: Book & Reading Tracker,Dreamfora - Easy Goal Setting,Habitica: Gamify Your Tasks,Bookmory - reading tracker,Luna - Book & Reading Tracker,Habit360 Habit Tracker & To-do,Micro Habits: Self-Improvement,21 Days Habit Challenges,Life Planner Personal Planner,,5624,0,"0,0"
Eliciting,Description,,43,28%,✘,✘,✘,✘,✘,✘,✘,✘,✘,✔︎,✘,✘,✘,✔︎,✔︎,✘,✘,✘,✘,✘,✘,✘,✘,✔︎,✘,✘,✘,✘,✘,✘,✘,✔︎,✘,✔︎,✔︎,✘,✘,✔︎,✔︎,✔︎,✘,✔︎,✔︎,✘,✔︎,✘,✘,✘,✔︎,✔︎,✔︎,✔︎,✘,✔︎,✔︎,✔︎,✔︎,✔︎,✔︎,✔︎,✔︎,✔︎, ✔︎,✘,✘,✘,✔︎,✘,✔︎,✘,✘,✔︎,✘,✘,✘,✔︎,✔︎,✘,✘,✘,✔︎,✔︎,✔︎,✔︎,✘,✘,✘,✘,✔︎,✔︎,✔︎,✘,✘,✔︎,✔︎,✘,✔︎,✘,✘,✘,✘,✘,✘,✘,✘,✘,✘,✘,✘,✘,✘,✘,✘,✘,✘,✘,✘,✘,✘,✘,✔︎,✘,✘,✘,✘,✘,✘,✘,✘,✘,✘,✘,✘,✘,✘,✘,✘,✘,✘,✘,✘,✘,✔︎,✘,✘,✘,✘,✘,✘,✘,✘,,,,
,Diagnosis,,3,2%,✘,✘,✘,✘,✘,✘,✘,✘,✘,✘,✘,✘,✘,✘,✘,✘,✘,✘,✘,✘,✘,✘,✘,✘,✘,✘,✘,✘,✘,✘,✘,✘,✘,✘,✔︎,✘,✘,✘,✘,✘,✘,✘,✘,✘,✘,✘,✘,✘,✘,✘,✘,✘,✘,✘,✘,✘,✘,✘,✘,✘,✘,✘,✘,✘,✘,✘,✘,✘,✘,✘,✘,✘,✘,✘,✘,✘,✘,✘,✘,✘,✘,✘,✘,✘,✘,✘,✘,✘,✘,✘,✘,✘,✘,✔︎,✔︎,✘,✘,✘,✘,✘,✘,✘,✘,✘,✘,✘,✘,✘,✘,✘,✘,✘,✘,✘,✘,✘,✘,✘,✘,✘,✘,✘,✘,✘,✘,✘,✘,✘,✘,✘,✘,✘,✘,✘,✘,✘,✘,✘,✘,✘,✘,✘,✘,✘,✘,✘,✘,✘,✘,✘,✘,,,,
,Discovery,,11,7%,✘,✘,✘,✘,✘,✘,✘,✘,✘,✘,✘,✘,✘,✘,✘,✔︎,✘,✘,✘,✘,✘,✘,✘,✘,✘,✘,✘,✘,✘,✘,✘,✘,✘,✘,✘,✘,✘,✔︎,✔︎,✔︎,✘,✘,✘,✘,✔︎,✘,✘,✘,✘,✘,✘,✘,✘,✘,✘,✘,✘,✘,✘,✘,✘,✘,✘,✘,✘,✘,✔︎,✘,✘,✘,✘,✘,✘,✘,✘,✘,✘,✘,✘,✘,✘,✘,✘,✘,✔︎,✘,✘,✘,✔︎,✘,✘,✘,✔︎,✘,✔︎,✘,✘,✘,✘,✘,✘,✘,✘,✘,✘,✘,✘,✘,✘,✘,✘,✘,✘,✘,✘,✘,✘,✘,✘,✘,✘,✘,✘,✘,✘,✘,✘,✘,✘,✘,✘,✘,✘,✘,✘,✘,✘,✘,✘,✘,✘,✘,✘,✔︎,✘,✘,✘,✘,✘,✘,✘,,,,
,Prediction,,7,5%,✘,✘,✘,✘,✘,✘,✘,✘,✘,✘,✘,✘,✔︎,✘,✔︎,✘,✘,✘,✘,✘,✘,✘,✘,✘,✘,✘,✘,✘,✘,✘,✘,✘,✘,✘,✘,✘,✘,✘,✘,✘,✘,✔︎,✘,✘,✘,✘,✘,✘,✘,✘,✘,✘,✘,✘,✘,✘,✘,✘,✘,✘,✘,✘,✘,✘,✘,✘,✘,✘,✔︎,✘,✘,✘,✘,✘,✘,✘,✘,✘,✘,✘,✘,✘,✘,✘,✘,✘,✘,✘,✘,✘,✔︎,✘,✘,✘,✘,✘,✘,✘,✘,✔︎,✘,✘,✘,✘,✘,✘,✘,✘,✘,✘,✘,✘,✘,✘,✘,✘,✘,✘,✘,✘,✘,✘,✘,✘,✘,✘,✘,✘,✘,✘,✘,✘,✘,✘,✘,✘,✘,✘,✘,✘,✔︎,✘,✘,✘,✘,✘,✘,✘,✘,✘,✘,,,,
,Prescription,,28,19%,✘,✘,✘,✘,✘,✘,✘,✘,✘,✘,✘,✘,✘,✔︎,✔︎,✔︎,✘,✘,✘,✘,✘,✘,✘,✘,✘,✘,✘,✘,✘,✘,✘,✘,✘,✘,✔︎,✘,✘,✔︎,✔︎,✔︎,✘,✘,✘,✘,✘,✘,✘,✘,✘,✘,✔︎,✘,✘,✔︎,✘,✘,✘,✘,✘,✘,✘,✘,✘,✔︎,✔︎,✔︎,✘,✘,✔︎,✘,✘,✘,✘,✘,✘,✘,✘,✘,✘,✘,✘,✘,✘,✘,✔︎,✘,✘,✔︎,✘,✔︎,✔︎,✔︎,✔︎,✔︎,✘,✘,✘,✘,✘,✘,✘,✘,✘,✘,✘,✘,✘,✘,✘,✘,✘,✘,✘,✘,✔︎,✘,✘,✘,✘,✘,✘,✘,✔︎,✔︎,✘,✔︎,✘,✘,✘,✘,✔︎,✘,✘,✘,✘,✘,✘,✘,✘,✘,✔︎,✘,✘,✔︎,✔︎,✘,✘,✘,✘,✘,✘,,,,
Defining,Form,Pre-defined goals,89,59%,✘,✘,✔︎,✔︎,✘,✔︎,✔︎,✔︎,✔︎,✔︎,✔︎,✘,✔︎,✔︎,✔︎,✘,✔︎,✘,✔︎,✔︎,✔︎,✔︎,✘,✘,✘,✔︎,✘,✔︎,✘,✔︎,✘,✘,✔︎,✔︎,✔︎,✔︎,✔︎,✔︎,✔︎,✔︎,✔︎,✔︎,✔︎,✘,✘,✔︎,✔︎,✔︎,✔︎,✔︎,✔︎,✘,✔︎,✔︎,✔︎, ✔︎,✔︎,✔︎,✘,✔︎,✔︎,✘, ✔︎, ✔︎,✔︎,✔︎,✔︎,✔︎,✔︎,✔︎,✘,✘,✘,✔︎,✘,✔︎,✘,✔︎,✔︎,✔︎,✘,✘,✘,✘,✔︎,✘,✔︎,✔︎,✔︎,✔︎,✔︎,✔︎,✔︎,✔︎,✘,✔︎,✘,✔︎,✔︎,✘,✔︎,✔︎,✔︎,✘,✘,✘,✔︎,✔︎,✘,✘,✘,✔︎,✘,✔︎,✔︎,✔︎,✘,✘,✔︎,✔︎,✘,✔︎,✔︎,✘,✘,✔︎,✘,✘,✔︎,✘,✔︎,✘,✘,✘,✘,✔︎,✔︎,✘,✔︎,✔︎,✔︎,✘,✘,✔︎,✘,✘,✘,✘,✘,✘,✔︎,,,,
,,Template-based goals,72,48%,✔︎,✔︎,✘,✘,✔︎,✘,✘,✘,✘,✘,✘,✔︎,✘,✘,✔︎,✘,✘,✔︎,✘,✘,✘,✘,✘,✔︎,✘,✘,✔︎,✘,✔︎,✘,✔︎,✔︎,✘,✘,✘,✘,✘,✘,✘,✘,✘,✘,✘,✘,✔︎,✔︎,✔︎,✘,✘,✔︎,✔︎,✔︎,✘,✘,✔︎,✔︎,✔︎,✔︎,✔︎,✔︎,✔︎,✔︎,✔︎,✘,✘,✘,✘,✔︎,✔︎,✔︎,✔︎,✔︎,✔︎,✔︎,✔︎,✘,✔︎,✘,✔︎,✘,✔︎,✔︎,✔︎,✔︎,✘,✔︎,✘,✘,✘,✘,✘,✘,✘,✘,✔︎,✘,✘,✔︎,✘,✔︎,✘,✘,✔︎,✔︎,✔︎,✘,✘,✘,✔︎,✘,✘,✘,✘,✘,✔︎,✔︎,✔︎,✘,✘,✘,✔︎,✘,✘,✔︎,✘,✔︎,✔︎,✘,✔︎,✔︎,✔︎,✔︎,✔︎,✔︎,✘,✔︎,✔︎,✘,✘,✔︎,✘,✔︎,✔︎,✘,✔︎,✘,✔︎,✔︎,✔︎,✔︎,✔︎,,,,
,,Self-defined goals,32,21%,✘,✘,✘,✘,✘,✘,✘,✘,✘,✘,✘,✘,✘,✘,✘,✔︎,✘,✘,✘,✘,✘,✘,✔︎,✔︎,✔︎,✘,✘,✘,✘,✘,✘,✔︎,✔︎,✘,✘,✘,✘,✘,✘,✘,✘,✘,✘,✔︎,✘,✘,✘,✘,✘,✘,✘,✘,✘,✘,✘,✘,✘,✘,✘,✘,✘,✘,✘,✘,✘,✘,✘,✘,✘,✘,✘,✘,✘,✘,✘,✘,✘,✘,✘,✘,✘,✘,✘,✔︎,✘,✘,✘,✘,✘,✘,✘,✘,✘,✘,✘,✘,✔︎,✘,✘,✘,✘,✘,✘,✘,✘,✔︎,✘,✔︎,✘,✔︎,✔︎,✘,✔︎,✔︎,✘,✘,✘,✔︎,✘,✔︎,✘,✔︎,✔︎,✘,✔︎,✔︎,✔︎,✔︎,✘,✘,✘,✘,✘,✘,✔︎,✘,✘,✔︎,✔︎,✘,✘,✘,✘,✔︎,✘,✔︎,✘,✔︎,✔︎,✔︎,✔︎,,,,
,Adjustability,,87,58%,✔︎,✔︎,✘,✘,✔︎,✔︎,✘,✔︎,✘,✘,✔︎,✔︎,✘,✔︎,✔︎,✔︎,✘,✘,✘,✔︎,✘,✘,✘,✔︎,✔︎,✔︎,✘,✔︎,✔︎,✘,✘,✘,✔︎,✘,✔︎,✘,✘,✘,✘,✘,✘,✔︎,✔︎,✔︎,✔︎,✔︎,✘,✘,✘,✘,✔︎,✔︎,✘,✔︎,✔︎,✔︎,✔︎,✔︎,✘,✔︎,✔︎,✔︎,✘,✘,✘,✘,✘,✘,✔︎,✔︎,✔︎,✘,✔︎,✘,✘,✘,✔︎,✔︎,✔︎,✔︎,✔︎,✔︎,✔︎,✔︎,✘,✔︎,✘,✘,✘,✔︎,✔︎,✘,✘,✘,✘,✔︎,✔︎,✘,✘,✘,✘,✔︎,✘,✔︎,✔︎,✘,✘,✔︎,✔︎,✔︎,✔︎,✘,✘,✔︎,✘,✔︎,✔︎,✔︎,✘,✘,✘,✔︎,✔︎,✘,✘,✔︎,✔︎,✔︎,✔︎,✔︎,✔︎,✔︎,✔︎,✔︎,✘,✔︎,✔︎,✔︎,✔︎,✔︎,✔︎,✔︎,✔︎,✔︎,✔︎,✔︎,✘,✔︎,✔︎,✔︎,✔︎,,,,
,Reason,,34,23%,✘,✔︎,✘,✘,✘,✘,✘,✔︎,✘,✘,✔︎,✘,✔︎,✘,✔︎,✘,✔︎,✘,✘,✘,✘,✘,✘,✘,✘,✘,✘,✘,✘,✘,✘,✘,✘,✔︎,✘,✘,✘,✘,✘,✘,✘,✘,✘,✘,✘,✘,✔︎,✘,✘,✘,✘,✘,✔︎,✘,✘,✘,✘,✘,✔︎,✘,✔︎,✘,✘,✔︎,✔︎,✘,✘,✘,✘,✘,✘,✘,✔︎,✘,✔︎,✔︎,✔︎,✘,✔︎,✔︎,✘,✘,✘,✘,✔︎,✘,✘,✘,✘,✘,✘,✘,✔︎,✘,✘,✘,✘,✔︎,✔︎,✘,✘,✔︎,✔︎,✔︎,✘,✘,✘,✘,✘,✘,✘,✔︎,✘,✘,✘,✘,✘,✔︎,✘,✘,✘,✘,✔︎,✔︎,✔︎,✔︎,✘,✘,✔︎,✘,✘,✘,✘,✘,✘,✘,✔︎,✘,✘,✘,✘,✘,✘,✘,✘,✘,✘,✘,✘,✘,✘,,,,
,Abstraction Level,Qualitative goals,80,53%,✘,✘,✘,✔︎,✘,✘,✘,✘,✔︎,✔︎,✘,✔︎,✔︎,✘,✘,✔︎,✔︎,✘,✔︎,✔︎,✘,✔︎,✔︎,✔︎,✘,✔︎,✔︎,✘,✘,✔︎,✔︎,✘,✘,✔︎,✘,✔︎,✘,✘,✘,✘,✔︎,✘,✘,✔︎,✘,✘,✘,✔︎,✘,✘,✘,✘,✔︎,✘,✘,✘,✘,✘,✘,✘,✘,✘,✘,✘,✘,✘,✘,✔︎,✔︎,✘,✔︎,✔︎,✔︎,✘,✘,✘,✘,✘,✔︎,✔︎,✘,✘,✘,✔︎,✔︎,✔︎,✔︎,✔︎,✔︎,✔︎,✔︎,✘,✔︎,✘,✘,✘,✔︎,✘,✘,✔︎,✘,✘,✔︎,✔︎,✔︎,✔︎,✘,✘,✘,✔︎,✔︎,✔︎,✘,✔︎,✔︎,✔︎,✔︎,✔︎,✔︎,✔︎,✔︎,✔︎,✔︎,✔︎,✔︎,✔︎,✔︎,✔︎,✔︎,✔︎,✔︎,✔︎,✔︎,✘,✔︎,✔︎,✔︎,✔︎,✘,✘,✔︎,✔︎,✔︎,✔︎,✔︎,✘,✘,✔︎,✔︎,✔︎,✔︎,,,,
,,Quantitative goals,91,60%,✔︎,✔︎,✔︎,✘,✔︎,✔︎,✔︎,✔︎,✘,✘,✔︎,✘,✘,✔︎,✔︎,✘,✘,✔︎,✘,✘,✔︎,✘,✘,✔︎,✔︎,✘,✘,✔︎,✔︎,✘,✘,✔︎,✔︎,✘,✔︎,✘,✔︎,✔︎,✔︎,✔︎,✘,✔︎,✔︎,✘,✔︎,✔︎,✔︎,✘,✔︎,✔︎,✔︎,✔︎,✘,✔︎,✔︎,✔︎,✔︎,✔︎,✔︎,✔︎,✔︎,✔︎,✔︎,✔︎,✔︎,✔︎,✔︎,✔︎,✔︎,✔︎,✘,✘,✘,✔︎,✔︎,✔︎,✔︎,✔︎,✔︎,✘,✔︎,✔︎,✔︎,✘,✘,✔︎,✘,✘,✘,✘,✘,✔︎,✔︎,✔︎,✔︎,✔︎,✘,✔︎,✔︎,✔︎,✔︎,✔︎,✔︎,✘,✔︎,✘,✔︎,✔︎,✔︎,✘,✘,✘,✔︎,✘,✘,✘,✘,✔︎,✘,✘,✘,✔︎,✘,✘,✔︎,✔︎,✔︎,✔︎,✘,✔︎,✘,✔︎,✘,✔︎,✘,✘,✔︎,✘,✔︎,✔︎,✘,✘,✔︎,✘,✘,✔︎,✔︎,✘,✘,✘,✔︎,,,,
,Type,Achievement,84,56%,✔︎,✔︎,✔︎,✘,✔︎,✔︎,✘,✔︎,✔︎,✔︎,✔︎,✘,✔︎,✔︎,✔︎,✘,✘,✔︎,✘,✔︎,✔︎,✘,✘,✔︎,✘,✘,✘,✔︎,✔︎,✘,✘,✘,✔︎,✘,✘,✘,✘,✘,✘,✘,✘,✘,✔︎,✔︎,✘,✔︎,✔︎,✘,✘,✔︎,✔︎,✔︎,✘,✔︎,✘,✘,✘,✘,✔︎,✘,✘,✘,✘,✔︎,✘,✔︎,✘,✔︎,✔︎,✔︎,✔︎,✘,✔︎,✔︎,✘,✔︎,✔︎,✔︎,✔︎,✔︎,✘,✔︎,✔︎,✘,✘,✔︎,✔︎,✘,✔︎,✘,✔︎,✘,✘,✘,✘,✔︎,✘,✘,✘,✘,✔︎,✔︎,✔︎,✔︎,✔︎,✔︎,✔︎,✔︎,✔︎,✘,✔︎,✔︎,✔︎,✔︎,✘,✔︎,✘,✘,✔︎,✔︎,✘,✔︎,✔︎,✔︎,✔︎,✔︎,✔︎,✔︎,✘,✔︎,✔︎,✔︎,✔︎,✔︎,✔︎,✔︎,✘,✘,✔︎,✔︎,✘,✘,✔︎,✘,✘,✔︎,✘,✔︎,✘,✘,✔︎,,,,
,,Balance,30,20%,✘,✘,✘,✘,✘,✘,✔︎,✘,✘,✘,✘,✘,✘,✘,✘,✔︎,✘,✘,✘,✘,✘,✘,✘,✘,✘,✘,✘,✘,✘,✘,✘,✔︎,✘,✘,✘,✘,✘,✔︎,✘,✘,✘,✘,✘,✘,✘,✘,✘,✘,✘,✘,✘,✘,✘,✘,✘,✘,✘,✘,✘,✘,✘,✘,✘,✘,✔︎,✘,✔︎,✘,✔︎,✘,✘,✘,✘,✘,✔︎,✘,✘,✘,✘,✘,✔︎,✘,✘,✔︎,✘,✘,✘,✔︎,✘,✔︎,✘,✘,✘,✔︎,✔︎,✘,✘,✔︎,✔︎,✔︎,✘,✘,✘,✘,✘,✘,✘,✘,✘,✘,✘,✘,✘,✘,✔︎,✘,✘,✘,✘,✘,✘,✔︎,✘,✘,✔︎,✔︎,✔︎,✔︎,✘,✘,✘,✘,✘,✘,✘,✘,✘,✘,✘,✘,✔︎,✘,✘,✔︎,✔︎,✔︎,✘,✘,✔︎,✔︎,✔︎,,,,
,,Avoidance,50,33%,✘,✘,✔︎,✘,✘,✘,✘,✘,✘,✘,✘,✘,✘,✘,✘,✘,✔︎,✘,✔︎,✘,✔︎,✔︎,✘,✔︎,✘,✘,✔︎,✘,✔︎,✔︎,✔︎,✔︎,✘,✔︎,✔︎,✔︎,✔︎,✔︎,✘,✘,✘,✔︎,✘,✘,✘,✘,✘,✔︎,✘,✘,✘,✘,✘,✘,✔︎,✔︎,✘,✔︎,✘,✔︎,✘,✔︎,✔︎,✔︎,✘,✘,✔︎,✘,✔︎,✘,✘,✘,✘,✘,✔︎,✘,✘,✘,✔︎,✔︎,✘,✘,✔︎,✘,✔︎,✘,✘,✘,✔︎,✘,✘,✘,✔︎,✘,✘,✘,✘,✘,✔︎,✘,✘,✔︎,✘,✘,✘,✘,✘,✘,✘,✘,✘,✘,✘,✘,✘,✘,✘,✘,✘,✘,✘,✔︎,✔︎,✔︎,✔︎,✔︎,✔︎,✔︎,✔︎,✘,✘,✘,✘,✘,✘,✘,✔︎,✘,✘,✘,✘,✘,✘,✔︎,✔︎,✘,✘,✘,✔︎,✔︎,✔︎,,,,
,,Documenting,94,62%,✘,✔︎,✔︎,✔︎,✔︎,✔︎,✘,✔︎,✔︎,✘,✘,✔︎,✘,✘,✘,✔︎,✘,✔︎,✔︎,✔︎,✔︎,✘,✔︎,✔︎,✔︎,✔︎,✘,✔︎,✘,✘,✘,✔︎,✘,✔︎,✘,✘,✘,✔︎,✔︎,✔︎,✔︎,✔︎,✔︎,✘,✔︎,✔︎,✘,✔︎,✔︎,✘,✔︎,✔︎,✔︎,✔︎,✔︎,✔︎,✔︎,✔︎,✔︎,✔︎,✔︎,✔︎,✔︎,✘,✔︎,✘,✔︎,✔︎,✔︎,✔︎,✔︎,✔︎,✔︎,✔︎,✘,✔︎,✔︎,✔︎,✘,✔︎,✘,✔︎,✔︎,✔︎,✔︎,✘,✘,✘,✘,✘,✘,✔︎,✔︎,✘,✔︎,✔︎,✔︎,✘,✘,✘,✘,✔︎,✘,✔︎,✔︎,✘,✘,✘,✔︎,✔︎,✘,✘,✘,✘,✘,✘,✔︎,✔︎,✔︎,✘,✔︎,✔︎,✘,✘,✘,✘,✔︎,✔︎,✘,✔︎,✔︎,✔︎,✔︎,✔︎,✘,✔︎,✔︎,✔︎,✘,✘,✘,✔︎,✔︎,✔︎,✔︎,✘,✔︎,✔︎,✔︎,✔︎,✔︎,,,,
,Constraints,Content,62,41%,✔︎,✔︎,✘,✘,✘,✘,✔︎,✘,✘,✔︎,✔︎,✘,✘,✔︎,✔︎,✘,✘,✘,✘,✘,✔︎,✘,✘,✘,✘,✘,✘,✔︎,✘,✘,✘,✘,✔︎,✔︎,✔︎,✘,✔︎,✔︎,✔︎,✔︎,✘,✘,✔︎,✘,✔︎,✔︎,✔︎,✘,✘,✔︎,✘,✘,✘,✘,✘,✘,✘,✘,✘,✘,✘,✘,✘,✘,✘,✘,✔︎,✔︎,✔︎,✘,✘,✘,✘,✘,✘,✘,✘,✔︎,✔︎,✔︎,✘,✔︎,✘,✔︎,✘,✔︎,✘,✔︎,✘,✔︎,✔︎,✔︎,✘,✔︎,✔︎,✔︎,✘,✘,✘,✔︎,✔︎,✘,✔︎,✘,✘,✘,✘,✔︎,✘,✘,✘,✔︎,✔︎,✔︎,✔︎,✔︎,✔︎,✘,✘,✘,✔︎,✘,✘,✘,✘,✘,✘,✘,✔︎,✔︎,✔︎,✔︎,✔︎,✘,✘,✘,✘,✘,✔︎,✔︎,✘,✘,✘,✔︎,✔︎,✔︎,✘,✔︎,✔︎,✔︎,✔︎,,,,
,,Temporal,35,23%,✔︎,✘,✘,✘,✘,✘,✘,✘,✘,✘,✔︎,✘,✘,✘,✔︎,✘,✘,✘,✘,✘,✘,✘,✘,✘,✘,✘,✘,✔︎,✘,✘,✘,✔︎,✘,✘,✘,✘,✔︎,✘,✘,✘,✘,✘,✘,✘,✔︎,✔︎,✔︎,✘,✘,✔︎,✔︎,✘,✘,✔︎,✘,✘,✘,✘,✔︎,✘,✘,✔︎,✘,✘,✘,✘,✔︎,✔︎,✔︎,✘,✘,✘,✘,✘,✘,✘,✘,✘,✘,✘,✔︎,✘,✘,✔︎,✘,✔︎,✘,✘,✘,✔︎,✘,✘,✘,✘,✘,✘,✘,✘,✘,✘,✔︎,✘,✔︎,✘,✘,✘,✘,✘,✘,✘,✘,✘,✘,✔︎,✔︎,✔︎,✘,✘,✘,✘,✘,✘,✘,✘,✘,✘,✘,✘,✔︎,✔︎,✔︎,✔︎,✔︎,✘,✘,✔︎,✘,✘,✘,✘,✘,✘,✘,✔︎,✘,✔︎,✘,✘,✔︎,✘,✘,,,,
,,Spatial,4,3%,✘,✘,✘,✘,✘,✘,✘,✘,✘,✘,✘,✘,✘,✘,✘,✘,✘,✘,✘,✘,✘,✘,✘,✘,✘,✘,✘,✘,✘,✘,✘,✘,✘,✘,✘,✘,✘,✘,✘,✘,✘,✘,✘,✘,✘,✔︎,✔︎,✘,✘,✘,✘,✘,✘,✘,✘,✘,✘,✘,✘,✘,✘,✘,✘,✘,✘,✘,✘,✘,✘,✘,✘,✘,✘,✘,✘,✘,✘,✘,✘,✘,✘,✘,✘,✘,✘,✘,✘,✘,✘,✘,✘,✘,✘,✘,✘,✘,✘,✘,✘,✘,✘,✘,✔︎,✘,✘,✘,✘,✘,✘,✘,✘,✘,✘,✘,✘,✘,✘,✘,✘,✘,✘,✘,✘,✘,✘,✘,✘,✘,✘,✘,✔︎,✘,✘,✘,✘,✘,✘,✘,✘,✘,✘,✘,✘,✘,✘,✘,✘,✘,✘,✘,✘,,,,
,Goal Baseline,Absolute goals,112,74%,✘,✘,✘,✘,✘,✘,✔︎,✔︎,✔︎,✔︎,✔︎,✔︎,✘,✔︎,✔︎,✘,✔︎,✔︎,✘,✔︎,✔︎,✔︎,✔︎,✔︎,✘,✔︎,✘,✔︎,✘,✔︎,✔︎,✘,✔︎,✔︎,✔︎,✔︎,✔︎,✘,✔︎,✔︎,✔︎,✘,✔︎,✔︎,✔︎,✔︎,✔︎,✘,✘,✔︎,✔︎,✘,✔︎,✔︎,✔︎,✔︎,✔︎,✔︎,✔︎,✔︎,✔︎,✔︎,✔︎,✘,✔︎,✘,✔︎,✔︎,✔︎,✔︎,✔︎,✘,✔︎,✘,✘,✔︎,✘,✔︎,✔︎,✔︎,✔︎,✔︎,✔︎,✔︎,✔︎,✔︎,✔︎,✔︎,✘,✔︎,✔︎,✔︎,✔︎,✘,✘,✔︎,✔︎,✔︎,✔︎,✔︎,✔︎,✔︎,✔︎,✔︎,✘,✔︎,✘,✔︎,✘,✔︎,✔︎,✘,✘,✔︎,✘,✔︎,✔︎,✘,✘,✔︎,✘,✔︎,✔︎,✔︎,✔︎,✔︎,✔︎,✘,✔︎,✔︎,✔︎,✔︎,✔︎,✔︎,✔︎,✔︎,✔︎,✔︎,✔︎,✔︎,✘,✔︎,✔︎,✔︎,✔︎,✘,✔︎,✔︎,✔︎,✔︎,✔︎,,,,
,,Relative goals,8,5%,✘,✘,✘,✘,✘,✘,✘,✘,✘,✘,✘,✘,✘,✘,✘,✔︎,✘,✘,✘,✘,✘,✔︎,✘,✘,✘,✘,✘,✘,✘,✘,✘,✘,✘,✘,✔︎,✔︎,✘,✔︎,✘,✘,✘,✘,✘,✘,✘,✘,✘,✘,✘,✘,✘,✘,✘,✘,✘,✘,✘,✘,✘,✘,✘,✘,✘,✘,✘,✘,✘,✘,✘,✘,✘,✘,✘,✘,✘,✘,✘,✘,✘,✘,✘,✘,✘,✘,✘,✘,✘,✘,✔︎,✘,✘,✘,✘,✘,✘,✘,✘,✘,✘,✘,✘,✘,✘,✘,✘,✘,✘,✘,✘,✘,✘,✘,✘,✘,✔︎,✘,✘,✘,✘,✘,✔︎,✘,✘,✘,✘,✘,✘,✘,✘,✘,✘,✘,✘,✘,✘,✘,✘,✘,✘,✘,✘,✘,✘,✘,✘,✘,✘,✘,✘,✘,✘,,,,
,,Aggregation goals,55,36%,✔︎,✔︎,✔︎,✘,✔︎,✔︎,✘,✘,✘,✘,✘,✘,✔︎,✘,✘,✘,✘,✘,✔︎,✘,✘,✘,✘,✘,✔︎,✘,✔︎,✘,✔︎,✘,✘,✘,✘,✘,✔︎,✘,✘,✔︎,✔︎,✔︎,✘,✔︎,✘,✘,✘,✔︎,✘,✔︎,✔︎,✘,✔︎,✔︎,✘,✔︎,✘,✘,✘,✘,✔︎,✘,✘,✔︎,✘,✔︎,✔︎,✔︎,✔︎,✔︎,✘,✔︎,✘,✘,✘,✔︎,✔︎,✘,✔︎,✘,✔︎,✔︎,✘,✔︎,✔︎,✘,✘,✔︎,✘,✔︎,✘,✘,✘,✔︎,✘,✔︎,✔︎,✘,✘,✔︎,✘,✔︎,✘,✘,✘,✘,✔︎,✘,✘,✘,✔︎,✘,✘,✘,✘,✘,✘,✘,✘,✘,✘,✘,✘,✔︎,✘,✘,✔︎,✔︎,✔︎,✘,✘,✔︎,✘,✘,✘,✔︎,✘,✘,✘,✘,✘,✔︎,✔︎,✘,✔︎,✘,✘,✔︎,✘,✘,✘,✘,✘,,,,
,Recurrence,One time goal,42,28%,✔︎,✘,✔︎,✘,✘,✘,✔︎,✘,✘,✘,✘,✔︎,✘,✘,✔︎,✘,✔︎,✘,✘,✘,✔︎,✔︎,✘,✔︎,✘,✔︎,✔︎,✘,✘,✘,✘,✘,✔︎,✘,✘,✔︎,✔︎,✘,✘,✘,✘,✘,✔︎,✔︎,✔︎,✔︎,✔︎,✘,✘,✘,✘,✘,✘,✘,✘,✘,✘,✘,✘,✘,✘,✘,✘,✘,✘,✘,✘,✔︎,✔︎,✘,✘,✘,✘,✘,✘,✘,✘,✔︎,✔︎,✔︎,✘,✘,✘,✘,✘,✔︎,✘,✘,✘,✘,✘,✘,✘,✘,✘,✔︎,✔︎,✔︎,✘,✘,✔︎,✘,✘,✘,✘,✘,✘,✔︎,✘,✘,✔︎,✘,✔︎,✔︎,✘,✔︎,✔︎,✘,✘,✔︎,✘,✘,✘,✘,✘,✘,✔︎,✘,✘,✘,✘,✔︎,✘,✘,✘,✘,✔︎,✘,✔︎,✘,✘,✔︎,✘,✘,✔︎,✘,✘,✘,✘,✘,✘,,,,
,,Recurring goal,122,81%,✘,✔︎,✘,✔︎,✔︎,✔︎,✘,✔︎,✔︎,✔︎,✔︎,✔︎,✔︎,✔︎,✘,✔︎,✘,✔︎,✔︎,✔︎,✘,✘,✔︎,✔︎,✔︎,✔︎,✘,✔︎,✔︎,✔︎,✔︎,✔︎,✘,✔︎,✔︎,✘,✘,✔︎,✔︎,✔︎,✔︎,✔︎,✘,✘,✘,✘,✘,✔︎,✔︎,✔︎,✔︎,✔︎,✔︎,✔︎,✔︎,✔︎,✔︎,✔︎,✔︎,✔︎,✔︎,✔︎,✔︎,✔︎,✔︎,✔︎,✔︎,✔︎,✔︎,✔︎,✔︎,✔︎,✔︎,✔︎,✔︎,✔︎,✔︎,✘,✔︎,✘,✔︎,✔︎,✔︎,✔︎,✔︎,✔︎,✔︎,✔︎,✔︎,✔︎,✔︎,✔︎,✔︎,✔︎,✔︎,✘,✘,✔︎,✔︎,✔︎,✘,✔︎,✔︎,✔︎,✔︎,✔︎,✔︎,✘,✔︎,✔︎,✘,✔︎,✘,✘,✔︎,✔︎,✔︎,✔︎,✔︎,✘,✔︎,✔︎,✔︎,✔︎,✔︎,✔︎,✔︎,✔︎,✔︎,✔︎,✔︎,✔︎,✔︎,✔︎,✘,✔︎,✘,✔︎,✘,✔︎,✔︎,✔︎,✔︎,✔︎,✔︎,✔︎,✔︎,✔︎,✔︎,✔︎,✔︎,,,,
,Interdependencies,Collections,66,44%,✘,✔︎,✘,✔︎,✔︎,✔︎,✘,✔︎,✘,✘,✘,✔︎,✘,✘,✘,✔︎,✘,✔︎,✘,✘,✘,✔︎,✔︎,✔︎,✘,✔︎,✘,✔︎,✔︎,✘,✘,✘,✘,✘,✔︎,✘,✔︎,✘,✔︎,✔︎,✔︎,✘,✔︎,✔︎,✘,✘,✘,✘,✘,✘,✘,✘,✘,✘,✘,✘,✘,✘,✔︎,✘,✘,✘,✘,✘,✘,✘,✘,✘,✘,✘,✔︎,✔︎,✔︎,✔︎,✘,✔︎,✔︎,✘,✘,✘,✘,✔︎,✘,✘,✘,✘,✘,✘,✘,✘,✘,✘,✘,✘,✘,✘,✔︎,✔︎,✔︎,✔︎,✔︎,✔︎,✘,✔︎,✔︎,✔︎,✘,✘,✔︎,✔︎,✔︎,✘,✔︎,✔︎,✘,✘,✔︎,✔︎,✘,✔︎,✔︎,✔︎,✔︎,✔︎,✔︎,✔︎,✔︎,✔︎,✔︎,✘,✔︎,✔︎,✘,✘,✘,✘,✘,✔︎,✘,✘,✔︎,✘,✘,✔︎,✔︎,✔︎,✘,✔︎,✔︎,✔︎,✔︎,,,,
,,Alternatives,16,11%,✘,✘,✘,✘,✘,✘,✘,✘,✔︎,✘,✘,✘,✘,✘,✘,✔︎,✘,✘,✘,✘,✘,✘,✘,✘,✘,✘,✘,✘,✘,✘,✘,✘,✘,✘,✘,✘,✘,✔︎,✔︎,✔︎,✘,✘,✘,✘,✘,✘,✘,✘,✘,✘,✔︎,✘,✘,✘,✘,✘,✘,✘,✘,✘,✘,✘,✘,✘,✘,✘,✘,✘,✘,✘,✘,✘,✘,✘,✘,✘,✘,✘,✘,✘,✘,✔︎,✘,✘,✘,✘,✘,✘,✘,✘,✘,✘,✘,✘,✔︎,✘,✘,✘,✘,✔︎,✘,✘,✘,✘,✘,✘,✘,✘,✘,✘,✘,✘,✘,✘,✘,✘,✘,✔︎,✘,✘,✘,✘,✘,✘,✘,✘,✘,✘,✘,✘,✘,✘,✘,✘,✘,✘,✘,✘,✘,✘,✔︎,✘,✘,✘,✔︎,✘,✘,✔︎,✔︎,✔︎,✔︎,,,,
,,Sequences,10,7%,✘,✘,✘,✘,✘,✘,✘,✔︎,✘,✘,✘,✘,✘,✘,✘,✘,✘,✘,✘,✘,✘,✘,✘,✘,✘,✘,✘,✘,✘,✘,✘,✘,✘,✘,✘,✘,✘,✘,✘,✘,✘,✘,✘,✘,✘,✘,✘,✘,✘,✘,✘,✘,✘,✘,✘,✘,✘,✘,✔︎,✘,✘,✘,✘,✘,✘,✘,✘,✘,✘,✘,✘,✘,✘,✘,✘,✘,✘,✘,✔︎,✘,✘,✘,✘,✘,✘,✘,✘,✘,✔︎,✘,✘,✔︎,✘,✘,✘,✘,✘,✘,✘,✘,✘,✘,✘,✘,✘,✘,✘,✘,✘,✘,✘,✘,✘,✘,✔︎,✘,✘,✘,✘,✘,✘,✘,✘,✘,✘,✔︎,✘,✘,✔︎,✘,✘,✘,✘,✘,✘,✘,✘,✘,✘,✘,✘,✘,✘,✘,✘,✘,✘,✔︎,✔︎,✘,✘,,,,
,,Prioritisation,8,5%,✘,✘,✘,✘,✘,✘,✘,✘,✘,✘,✘,✘,✘,✘,✘,✘,✘,✘,✘,✘,✘,✘,✘,✘,✘,✘,✘,✘,✘,✘,✘,✘,✘,✘,✘,✘,✘,✘,✘,✘,✘,✘,✘,✘,✘,✘,✘,✘,✘,✘,✘,✘,✘,✘,✘,✘,✘,✘,✘,✘,✘,✘,✘,✘,✘,✘,✘,✘,✘,✘,✘,✘,✘,✘,✘,✘,✘,✘,✘,✘,✘,✘,✘,✘,✘,✘,✘,✘,✘,✘,✔︎,✘,✘,✘,✔︎,✘,✘,✘,✘,✘,✘,✘,✘,✘,✘,✘,✘,✘,✘,✘,✘,✘,✘,✘,✘,✘,✘,✘,✘,✘,✘,✘,✘,✘,✔︎,✘,✘,✘,✘,✘,✘,✔︎,✘,✘,✘,✘,✘,✘,✘,✘,✘,✔︎,✘,✘,✘,✘,✘,✔︎,✔︎,✘,✔︎,,,,
,,Hierarchies,1,1%,✘,✘,✘,✘,✘,✘,✘,✘,✘,✘,✘,✘,✘,✘,✘,✘,✘,✘,✘,✘,✘,✘,✘,✘,✘,✘,✘,✘,✘,✘,✘,✘,✘,✘,✘,✘,✘,✘,✘,✘,✘,✘,✘,✘,✘,✘,✘,✘,✘,✘,✘,✘,✘,✘,✘,✘,✘,✘,✘,✘,✘,✘,✘,✘,✘,✘,✘,✘,✘,✘,✘,✘,✘,✘,✘,✘,✘,✘,✘,✘,✘,✘,✘,✘,✘,✘,✘,✘,✘,✘,✘,✘,✘,✘,✘,✘,✘,✘,✘,✘,✘,✘,✘,✘,✘,✘,✘,✘,✘,✘,✘,✘,✘,✘,✘,✘,✘,✘,✘,✘,✘,✘,✘,✘,✘,✘,✘,✘,✘,✘,✔︎,✘,✘,✘,✘,✘,✘,✘,✘,✘,✘,✘,✘,✘,✘,✘,✘,✘,✘,✘,✘,,,,
Setting,Simultaneity,Single,88,58%,✔︎,✔︎,✘,✔︎,✘,✘,✘,✔︎,✔︎,✔︎,✔︎,✘,✔︎,✔︎,✔︎,✘,✔︎,✘,✔︎,✔︎,✔︎,✔︎,✘,✔︎,✘,✘,✔︎,✔︎,✘,✔︎,✔︎,✔︎,✘,✘,✔︎,✔︎,✔︎,✔︎,✔︎,✔︎,✘,✔︎,✔︎,✘,✔︎,✘,✔︎,✘,✔︎,✘,✔︎,✔︎,✔︎,✔︎,✔︎,✔︎,✔︎,✔︎,✔︎,✔︎,✔︎,✔︎,✔︎,✔︎,✔︎,✔︎,✔︎,✔︎,✔︎,✔︎,✔︎,✘,✘,✘,✔︎,✘,✘,✔︎,✔︎,✔︎,✔︎,✘,✔︎,✔︎,✔︎,✔︎,✔︎,✔︎,✔︎,✔︎,✔︎,✘,✔︎,✔︎,✘,✔︎,✔︎,✘,✘,✘,✘,✘,✔︎,✘,✘,✘,✘,✘,✘,✘,✘,✔︎,✘,✔︎,✘,✔︎,✘,✘,✔︎,✔︎,✘,✘,✘,✘,✘,✘,✘,✘,✔︎,✔︎,✔︎,✔︎,✔︎,✔︎,✘,✔︎,✔︎,✘,✘,✘,✘,✔︎,✘,✘,✘,✔︎,✔︎,✘,✘,✘,✘,,,,
,,Multiple,81,54%,✘,✘,✔︎,✘,✔︎,✔︎,✔︎,✘,✘,✘,✘,✔︎,✘,✘,✘,✔︎,✘,✔︎,✘,✘,✘,✘,✔︎,✔︎,✔︎,✔︎,✘,✘,✔︎,✘,✘,✔︎,✔︎,✔︎,✘,✘,✘,✘,✘,✘,✔︎,✘,✘,✔︎,✘,✔︎,✔︎,✔︎,✘,✔︎,✔︎,✘,✘,✘,✘,✘,✘,✘,✘,✘,✘,✘,✘,✘,✘,✘,✘,✔︎,✔︎,✘,✘,✔︎,✔︎,✔︎,✘,✔︎,✔︎,✘,✔︎,✘,✘,✔︎,✘,✘,✘,✔︎,✘,✘,✘,✘,✘,✔︎,✘,✘,✔︎,✘,✔︎,✔︎,✔︎,✔︎,✔︎,✔︎,✘,✔︎,✔︎,✔︎,✔︎,✔︎,✔︎,✔︎,✔︎,✘,✔︎,✔︎,✔︎,✔︎,✔︎,✔︎,✘,✔︎,✔︎,✔︎,✔︎,✔︎,✔︎,✔︎,✔︎,✔︎,✔︎,✔︎,✔︎,✔︎,✔︎,✘,✔︎,✘,✘,✔︎,✔︎,✔︎,✔︎,✔︎,✔︎,✔︎,✔︎,✘,✘,✔︎,✔︎,✔︎,✔︎,,,,
,Timing,Start Date,48,32%,✘,✘,✘,✔︎,✘,✘,✔︎,✘,✘,✘,✘,✘,✘,✘,✘,✔︎,✔︎,✘,✘,✘,✘,✔︎,✔︎,✔︎,✘,✔︎,✘,✘,✘,✘,✘,✘,✘,✘,✘,✘,✘,✔︎,✘,✔︎,✘,✘,✘,✔︎,✘,✘,✘,✘,✔︎,✘,✘,✘,✘,✘,✘,✘,✘,✘,✘,✘,✘,✘,✘,✘,✔︎,✔︎,✔︎,✘,✘,✘,✘,✘,✘,✘,✔︎,✘,✘,✔︎,✘,✘,✔︎,✔︎,✘,✘,✔︎,✔︎,✔︎,✔︎,✘,✔︎,✔︎,✔︎,✔︎,✔︎,✔︎,✘,✔︎,✘,✘,✔︎,✘,✘,✘,✘,✘,✘,✘,✘,✘,✘,✘,✘,✘,✘,✘,✘,✘,✘,✘,✘,✘,✔︎,✘,✘,✔︎,✔︎,✔︎,✔︎,✘,✘,✘,✔︎,✔︎,✔︎,✘,✘,✔︎,✘,✔︎,✘,✔︎,✘,✘,✔︎,✔︎,✔︎,✘,✔︎,✔︎,✘,✔︎,,,,
,,End Date,27,18%,✔︎,✘,✘,✘,✔︎,✔︎,✘,✘,✘,✘,✘,✘,✘,✘,✘,✔︎,✔︎,✘,✘,✘,✘,✔︎,✔︎,✔︎,✘,✔︎,✘,✘,✘,✘,✘,✘,✘,✘,✘,✘,✘,✘,✘,✘,✘,✘,✘,✔︎,✘,✘,✘,✘,✘,✘,✘,✘,✘,✘,✘,✘,✘,✘,✘,✘,✘,✘,✘,✘,✘,✘,✔︎,✘,✘,✘,✘,✘,✘,✘,✔︎,✘,✘,✘,✘,✔︎,✘,✔︎,✘,✘,✘,✔︎,✘,✘,✘,✘,✘,✘,✘,✘,✘,✘,✔︎,✘,✘,✘,✘,✘,✘,✘,✔︎,✘,✘,✘,✘,✘,✔︎,✘,✘,✘,✘,✘,✘,✔︎,✘,✘,✘,✘,✘,✘,✘,✔︎,✔︎,✔︎,✘,✘,✘,✔︎,✔︎,✔︎,✘,✘,✘,✘,✔︎,✘,✘,✘,✘,✔︎,✘,✘,✘,✘,✘,✘,✘,,,,
,,Time-Frame,48,32%,✔︎,✘,✘,✘,✔︎,✔︎,✔︎,✘,✘,✘,✘,✘,✘,✘,✘,✘,✔︎,✔︎,✘,✘,✔︎,✔︎,✔︎,✔︎,✘,✔︎,✔︎,✘,✘,✘,✘,✘,✘,✘,✘,✔︎,✔︎,✘,✔︎,✘,✔︎,✔︎,✘,✔︎,✘,✘,✘,✘,✘,✘,✘,✔︎,✔︎,✘,✘,✘,✘,✘,✔︎,✘,✘,✘,✘,✔︎,✘,✘,✘,✔︎,✘,✘,✘,✘,✘,✔︎,✔︎,✘,✘,✔︎,✔︎,✔︎,✘,✔︎,✘,✘,✘,✔︎,✘,✘,✔︎,✘,✘,✘,✘,✘,✘,✘,✔︎,✔︎,✘,✘,✘,✘,✘,✘,✔︎,✘,✔︎,✘,✘,✘,✔︎,✘,✘,✔︎,✔︎,✘,✘,✔︎,✘,✘,✘,✘,✘,✘,✘,✔︎,✔︎,✔︎,✘,✘,✘,✔︎,✔︎,✔︎,✘,✘,✘,✘,✘,✘,✘,✘,✘,✔︎,✘,✘,✘,✘,✔︎,✔︎,✘,,,,
,,Permanent,118,78%,✔︎,✔︎,✔︎,✔︎,✘,✘,✘,✔︎,✔︎,✔︎,✔︎,✔︎,✔︎,✔︎,✔︎,✘,✘,✘,✔︎,✔︎,✔︎,✘,✘,✔︎,✔︎,✘,✘,✔︎,✔︎,✔︎,✔︎,✔︎,✔︎,✔︎,✔︎,✘,✘,✔︎,✘,✔︎,✔︎,✘,✔︎,✘,✔︎,✔︎,✔︎,✔︎,✔︎,✔︎,✔︎,✘,✘,✔︎,✔︎,✔︎,✔︎,✔︎,✘,✔︎,✔︎,✔︎,✔︎,✘,✔︎,✔︎,✔︎,✔︎,✔︎,✔︎,✔︎,✔︎,✔︎,✘,✘,✔︎,✔︎,✘,✔︎,✘,✔︎,✔︎,✔︎,✔︎,✔︎,✔︎,✔︎,✔︎,✘,✔︎,✔︎,✔︎,✔︎,✔︎,✔︎,✔︎,✔︎,✔︎,✔︎,✔︎,✔︎,✔︎,✔︎,✔︎,✘,✔︎,✘,✔︎,✔︎,✔︎,✘,✔︎,✔︎,✘,✘,✔︎,✔︎,✔︎,✔︎,✔︎,✔︎,✔︎,✔︎,✔︎,✔︎,✔︎,✔︎,✔︎,✔︎,✔︎,✔︎,✔︎,✔︎,✔︎,✔︎,✔︎,✔︎,✔︎,✘,✔︎,✔︎,✘,✔︎,✔︎,✔︎,✔︎,✔︎,✔︎,✘,✘,✔︎,,,,
,Feasibility,Plausibility,24,16%,✔︎,✘,✘,✘,✘,✘,✘,✔︎,✔︎,✔︎,✘,✘,n.A.,✘,✔︎,✘,✔︎,✘,✘,✘,✘,✔︎,✘,✘,✘,✘,n.A.,✘,✘,✘,✘,✔︎,✘,✘,✘,✘,✘,✘,✘,✘,✘,✘,✘,✘,✘,✘,✘,n.A.,✘,✘,✔︎,✘,✘,✔︎,✔︎,✔︎,✘,✔︎,✔︎,✘,✘,✘,✘,✔︎,✘,✘,✔︎,✘,✘,✔︎,✘,✘,✘,✘,✔︎,✔︎,✘,✘,✘,✔︎,✘,✘,✘,✔︎,✘,✘,✘,✘,✘,✘,✔︎,✘,✘,✘,✔︎,✘,✘,✘,✘,✘,✘,✘,✘,✘,✘,✘,✘,✘,✘,✘,✘,✘,✘,✘,✘,✘,✘,✘,✘,✘,✔︎,✘,✘,✘,✘,✘,✘,✘,✘,✘,✘,✘,✘,✘,✘,✘,✘,✘,✘,✘,✘,✘,✘,✘,✘,✘,✘,✘,✘,✘,✘,,,,
,,Difficulty,16,11%,✘,✘,✘,✘,✘,✘,✘,✔︎,✔︎,✔︎,✔︎,✔︎,n.A.,✔︎,✘,✔︎,✘,✘,✘,✘,✘,✘,✘,✘,✘,✘,✘,✘,✘,✘,✘,✔︎,✘,✘,✘,✔︎,✘,✘,✘,✘,✘,✔︎,✘,✘,✘,✘,✘,n.A.,✘,✘,✘,✘,✘,✘,✘,✘,✘,✘,✔︎,✘,✘,✘,✘,✘,✔︎,✘,✔︎,✘,✘,✘,✘,✘,✘,✘,✘,✘,✘,✘,✘,✘,✘,✘,✘,✘,✘,✘,✘,✘,✘,✘,✔︎,✘,✘,✘,✘,✘,✘,✘,✘,✘,✘,✘,✘,✘,✘,✘,✘,✘,✘,✘,✘,✘,✘,✘,✘,✘,✘,✘,✘,✘,✘,✘,✘,✘,✘,✘,✘,✘,✘,✘,✘,✘,✘,✔︎,✘,✘,✘,✘,✘,✘,✘,✘,✔︎,✘,✘,✘,✘,✘,✘,✘,✘,,,,
Operationalizing,Constraints,Content,44,29%,✔︎,✔︎,✘,✘,✘,✘,✔︎,✘,✘,✔︎,✔︎,✘,✘,✔︎,✔︎,✘,✘,✘,✘,✘,✘,✘,✘,✘,✘,✘,✘,✘,✘,✘,✘,✘,✔︎,✔︎,✔︎,✘,✔︎,✘,✔︎,✘,✘,✘,✘,✘,✔︎,✔︎,✔︎,✘,✘,✔︎,✔︎,✘,✘,✔︎,✘,✘,✘,✘,✔︎,✘,✘,✘,✘,✘,✔︎,✔︎,✔︎,✘,✔︎,✘,✘,✘,✘,✘,✘,✘,✘,✘,✔︎,✘,✘,✔︎,✘,✘,✘,✘,✘,✘,✘,✘,✔︎,✘,✘,✘,✘,✘,✘,✘,✘,✔︎,✘,✔︎,✔︎,✘,✘,✘,✘,✔︎,✘,✘,✘,✔︎,✔︎,✔︎,✔︎,✘,✘,✘,✘,✔︎,✘,✘,✘,✘,✘,✘,✘,✘,✔︎,✘,✘,✔︎,✘,✘,✘,✔︎,✘,✘,✔︎,✘,✘,✘,✘,✘,✔︎,✘,✘,✔︎,✔︎,✔︎,✔︎,,,,
,,Temporal,18,12%,✘,✘,✘,✘,✘,✘,✘,✘,✘,✘,✘,✘,✘,✘,✘,✘,✘,✘,✘,✘,✔︎,✘,✘,✘,✘,✘,✘,✔︎,✘,✘,✘,✘,✘,✘,✘,✔︎,✔︎,✘,✘,✘,✘,✘,✘,✘,✘,✔︎,✔︎,✘,✘,✘,✘,✘,✘,✔︎,✘,✘,✘,✘,✘,✘,✘,✘,✘,✘,✘,✘,✔︎,✘,✔︎,✘,✘,✘,✘,✘,✘,✘,✘,✘,✔︎,✘,✘,✘,✘,✔︎,✘,✘,✘,✘,✘,✘,✘,✘,✘,✔︎,✘,✘,✘,✘,✘,✘,✘,✘,✘,✘,✘,✘,✘,✘,✘,✘,✘,✘,✘,✔︎,✔︎,✘,✘,✘,✘,✘,✘,✘,✘,✘,✘,✘,✘,✘,✔︎,✘,✔︎,✘,✘,✘,✘,✘,✔︎,✘,✘,✘,✘,✘,✘,✘,✘,✘,✘,✘,✔︎,✘,✘,,,,
,,Spatial,5,3%,✘,✘,✘,✘,✘,✘,✘,✘,✘,✘,✘,✘,✘,✘,✘,✘,✘,✘,✘,✘,✘,✘,✘,✘,✘,✘,✘,✘,✘,✘,✘,✘,✘,✘,✔︎,✘,✘,✘,✘,✘,✘,✘,✔︎,✘,✘,✔︎,✘,✘,✘,✘,✘,✘,✘,✘,✘,✘,✘,✘,✘,✘,✘,✘,✘,✘,✘,✘,✘,✘,✘,✘,✘,✘,✘,✘,✘,✘,✘,✘,✘,✘,✘,✘,✘,✘,✘,✘,✘,✘,✘,✔︎,✘,✘,✘,✘,✘,✘,✘,✘,✘,✘,✘,✘,✘,✘,✘,✘,✘,✘,✘,✘,✘,✘,✘,✘,✘,✘,✘,✘,✘,✘,✘,✘,✘,✘,✘,✘,✘,✘,✘,✘,✘,✘,✘,✘,✘,✘,✘,✘,✘,✘,✘,✘,✘,✔︎,✘,✘,✘,✘,✘,✘,✘,,,,
,Interdependencies,Alternatives,17,11%,✘,✘,✘,✘,✘,✘,✘,✘,✔︎,✘,✔︎,✘,✘,✘,✔︎,✘,✘,✘,✘,✘,✘,✘,✘,✘,✘,✘,✘,✘,✘,✘,✘,✘,✘,✘,✘,✔︎,✘,✘,✔︎,✔︎,✘,✘,✘,✘,✘,✘,✘,✘,✘,✘,✔︎,✘,✘,✘,✘,✘,✘,✘,✘,✘,✘,✘,✘,✘,✘,✘,✘,✘,✘,✘,✘,✘,✘,✘,✘,✘,✘,✘,✘,✘,✘,✔︎,✘,✘,✘,✘,✘,✘,✘,✘,✘,✘,✘,✘,✔︎,✘,✘,✘,✘,✘,✘,✘,✘,✘,✘,✘,✘,✘,✘,✘,✘,✘,✘,✘,✘,✘,✘,✘,✘,✔︎,✘,✘,✘,✘,✘,✘,✘,✘,✘,✘,✘,✘,✘,✘,✘,✘,✘,✘,✘,✘,✔︎,✘,✘,✘,✔︎,✔︎,✘,✔︎,✔︎,✔︎,✔︎,,,,
,,Sequences,12,8%,✘,✘,✘,✘,✘,✘,✘,✔︎,✘,✘,✘,✘,✔︎,✘,✘,✔︎,✘,✘,✘,✘,✘,✘,✘,✘,✘,✘,✘,✘,✘,✘,✘,✘,✘,✘,✘,✘,✘,✔︎,✘,✘,✘,✘,✘,✘,✘,✘,✘,✘,✘,✘,✘,✘,✘,✘,✘,✘,✘,✘,✘,✘,✘,✘,✘,✘,✘,✘,✘,✘,✘,✘,✘,✘,✘,✘,✘,✘,✘,✘,✔︎,✘,✘,✘,✘,✘,✘,✘,✘,✘,✔︎,✘,✔︎,✘,✘,✘,✘,✘,✘,✘,✘,✘,✘,✘,✘,✘,✘,✘,✘,✘,✘,✘,✘,✘,✘,✔︎,✔︎,✘,✘,✘,✘,✔︎,✘,✘,✘,✘,✘,✘,✘,✘,✔︎,✘,✘,✘,✘,✘,✘,✘,✘,✘,✘,✘,✘,✘,✘,✘,✔︎,✘,✘,✘,✘,✘,✘,,,,
Pursuing,Event-based reminder,Pre-defined event,30,20%,✘,✔︎,✔︎,✘,✘,✘,✘,✔︎,✘,✘,✘,✔︎,✔︎,✘,✘,✘,✔︎,✘,✘,✘,✘,✔︎,✘,✘,✘,✘,✔︎,✘,✘,✔︎,✔︎,✘,✘,✔︎,✘,✘,✘,✘,✘,✘,✘,✘,✘,✘,✘,✘,✘,✘,✘,✔︎,✘,✘,✘,✘,✘,✘,✘,✘,✔︎,✘,✘,✘,✘,✔︎,✔︎,✘,✘,✘,✔︎,✘,✘,✘,✘,✘,✔︎,✘,✘,✘,✘,✘,✘,✘,✘,✘,✘,✘,✘,✘,✘,✘,✘,✘,✘,✘,✘,✘,✘,✔︎,✔︎,✘,✘,✔︎,✘,✘,✘,✘,✔︎,✘,✘,✘,✘,✘,✘,✘,✘,✘,✘,✔︎,✘,✔︎,✘,✔︎,✘,✔︎,✘,✘,✘,✘,✘,✘,✘,✘,✘,✘,✘,✘,✔︎,✘,✘,✔︎,✘,✔︎,✘,✔︎,✘,✔︎,✘,✘,✘,✘,✘,,,,
,,Custom event,20,13%,✘,✔︎,✘,✘,✘,✘,✘,✘,✘,✘,✘,✘,✘,✘,✘,✘,✔︎,✘,✘,✘,✘,✔︎,✘,✘,✘,✘,✔︎,✘,✘,✔︎,✔︎,✘,✘,✘,✘,✘,✘,✘,✘,✘,✘,✘,✘,✘,✘,✘,✘,✘,✘,✘,✘,✘,✘,✘,✘,✘,✘,✘,✘,✘,✘,✘,✘,✘,✘,✘,✘,✘,✘,✘,✘,✘,✘,✘,✘,✘,✘,✘,✘,✘,✔︎,✔︎,✘,✘,✘,✘,✘,✘,✘,✘,✘,✘,✘,✘,✘,✘,✘,✔︎,✔︎,✘,✘,✘,✘,✘,✘,✘,✔︎,✘,✘,✘,✘,✘,✔︎,✘,✔︎,✘,✔︎,✘,✘,✔︎,✘,✘,✔︎,✘,✘,✘,✘,✔︎,✘,✘,✘,✘,✘,✘,✘,✘,✘,✘,✘,✔︎,✘,✘,✘,✔︎,✘,✘,✘,✘,✘,✔︎,✘,,,,
,Time-based reminder,Pre-defined time,58,38%,✔︎,✔︎,✔︎,✔︎,✘,✔︎,✘,✔︎,✔︎,✘,✔︎,✘,✔︎,✔︎,✔︎,✘,✘,✔︎,✘,✘,✘,✔︎,✘,✔︎,✘,✘,✔︎,✘,✘,✔︎,✘,✘,✘,✘,✔︎,✘,✘,✘,✘,✘,✘,✘,✘,✘,✔︎,✘,✔︎,✘,✘,✔︎,✔︎,✘,✘,✔︎,✔︎,✔︎,✔︎,✘,✔︎,✘,✘,✘,✘,✔︎,✔︎,✘,✘,✘,✔︎,✔︎,✘,✘,✘,✘,✘,✔︎,✘,✘,✘,✔︎,✔︎,✔︎,✘,✘,✔︎,✘,✔︎,✘,✘,✘,✘,✘,✘,✘,✘,✘,✘,✘,✘,✔︎,✘,✔︎,✘,✘,✘,✘,✘,✘,✘,✘,✔︎,✘,✘,✔︎,✘,✔︎,✘,✔︎,✘,✔︎,✘,✘,✔︎,✔︎,✘,✔︎,✔︎,✘,✔︎,✔︎,✔︎,✔︎,✔︎,✘,✘,✔︎,✔︎,✘,✘,✔︎,✔︎,✘,✘,✘,✘,✔︎,✘,✘,✔︎,✘,✘,,,,
,,Custom time,88,58%,✔︎,✔︎,✔︎,✘,✔︎,✘,✔︎,✘,✔︎,✘,✔︎,✘,✘,✔︎,✔︎,✔︎,✘,✘,✘,✔︎,✘,✔︎,✔︎,✔︎,✔︎,✘,✔︎,✘,✘,✔︎,✘,✘,✘,✘,✔︎,✘,✘,✘,✘,✘,✘,✘,✘,✘,✔︎,✘,✔︎,✔︎,✔︎,✘,✔︎,✘,✔︎,✔︎,✔︎,✘,✔︎,✘,✔︎,✔︎,✔︎,✔︎,✔︎,✔︎,✘,✘,✔︎,✘,✔︎,✔︎,✔︎,✔︎,✔︎,✘,✔︎,✔︎,✔︎,✔︎,✔︎,✘,✔︎,✘,✘,✔︎,✘,✘,✘,✘,✔︎,✘,✘,✘,✘,✘,✔︎,✔︎,✘,✘,✘,✘,✔︎,✘,✔︎,✔︎,✔︎,✔︎,✘,✘,✔︎,✔︎,✘,✘,✔︎,✔︎,✔︎,✔︎,✔︎,✔︎,✘,✔︎,✔︎,✔︎,✔︎,✔︎,✔︎,✔︎,✔︎,✔︎,✔︎,✔︎,✔︎,✔︎,✔︎,✔︎,✔︎,✔︎,✔︎,✔︎,✘,✔︎,✘,✘,✔︎,✔︎,✘,✔︎,✘,✔︎,✔︎,✘,✔︎,,,,
,,Intervals,56,37%,✘,✘,✘,✘,✘,✘,✘,✔︎,✔︎,✘,✘,✔︎,✔︎,✘,✘,✔︎,✘,✘,✘,✘,✘,✔︎,✔︎,✔︎,✔︎,✘,✘,✘,✘,✘,✘,✘,✘,✘,✘,✘,✘,✘,✘,✘,✘,✘,✘,✘,✘,✘,✔︎,✔︎,✘,✘,✔︎,✘,✔︎,✔︎,✔︎,✘,✔︎,✘,✔︎,✘,✔︎,✔︎,✘,✔︎,✔︎,✘,✔︎,✘,✔︎,✔︎,✔︎,✔︎,✔︎,✘,✔︎,✔︎,✔︎,✘,✘,✔︎,✔︎,✔︎,✘,✘,✔︎,✘,✔︎,✘,✘,✘,✘,✘,✘,✘,✔︎,✔︎,✘,✘,✘,✘,✘,✘,✘,✘,✘,✔︎,✘,✘,✘,✔︎,✘,✘,✘,✘,✔︎,✘,✘,✔︎,✘,✔︎,,✘,✘,✘,✘,✔︎,✔︎,✘,✔︎,✘,✔︎,✔︎,✔︎,✔︎,✔︎,✔︎,✘,✘,✘,✘,✘,✘,✔︎,✔︎,✘,✔︎,✘,✘,✔︎,✘,✔︎,,,,
,,Custom days,54,36%,✔︎,✘,✘,✔︎,✘,✘,✔︎,✘,✘,✘,✔︎,✔︎,✘,✘,✔︎,✔︎,✘,✘,✘,✔︎,✘,✔︎,✔︎,✔︎,✔︎,✘,✔︎,✘,✘,✘,✘,✘,✘,✘,✘,✘,✘,✘,✘,✘,✘,✘,✘,✘,✘,✘,✘,✔︎,✔︎,✘,✔︎,✘,✘,✔︎,✘,✘,✘,✘,✘,✘,✘,✔︎,✘,✔︎,✘,✘,✘,✘,✘,✔︎,✔︎,✔︎,✘,✘,✔︎,✔︎,✔︎,✔︎,✘,✘,✔︎,✘,✘,✘,✘,✘,✘,✘,✘,✘,✘,✘,✘,✘,✔︎,✔︎,✘,✔︎,✘,✘,✘,✘,✘,✔︎,✔︎,✔︎,✘,✘,✔︎,✔︎,✘,✘,✔︎,✘,✔︎,✘,✔︎,✘,✘,✘,✔︎,✔︎,✘,✘,✔︎,✔︎,✔︎,✘,✔︎,✔︎,✘,✔︎,✔︎,✔︎,✔︎,✘,✘,✔︎,✘,✘,✘,✘,✔︎,✔︎,✘,✘,✘,✔︎,✘,✘,✔︎,,,,
,Context of reminder,Goal specific reminder,72,48%,✔︎,✔︎,✔︎,✔︎,✔︎,✔︎,✔︎,✘,✘,✘,✔︎,✘,✔︎,✔︎,✔︎,✔︎,✔︎,✘,✔︎,✘,✘,✔︎,✔︎,✔︎,✘,✘,✔︎,✘,✘,✔︎,✔︎,✘,✘,✘,✔︎,✘,✘,✘,✘,✘,✘,✘,✘,✘,✔︎,✘,✘,✔︎,✔︎,✘,✔︎,✘,✔︎,✔︎,✔︎,✔︎,✔︎,✘,✘,✔︎,✔︎,✘,✔︎,✔︎,✔︎,✘,✘,✘,✔︎,✔︎,✔︎,✔︎,✔︎,✘,✔︎,✔︎,✘,✔︎,✔︎,✔︎,✘,✔︎,✘,✘,✘,✘,✘,✘,✘,✘,✘,✘,✘,✘,✘,✘,✘,✘,✘,✘,✘,✘,✘,✔︎,✔︎,✔︎,✘,✘,✔︎,✔︎,✘,✘,✘,✔︎,✘,✔︎,✔︎,✔︎,✘,✘,✔︎,✔︎,✔︎,✘,✔︎,✔︎,✔︎,✔︎,✔︎,✔︎,✔︎,✔︎,✔︎,✘,✘,✔︎,✘,✔︎,✘,✘,✘,✘,✘,✘,✘,✘,✘,✔︎,✔︎,✘,✔︎,,,,
,,Process specific reminder,29,19%,✘,✘,✘,✘,✘,✘,✘,✔︎,✔︎,✘,✘,✘,✘,✘,✘,✘,✔︎,✔︎,✔︎,✘,✘,✔︎,✘,✘,✔︎,✘,✔︎,✘,✔︎,✘,✔︎,✘,✘,✘,✘,✘,✘,✘,✘,✘,✘,✘,✘,✘,✘,✘,✘,✘,✘,✘,✘,✘,✘,✘,✘,✘,✘,✘,✔︎,✘,✘,✔︎,✘,✔︎,✘,✘,✔︎,✘,✔︎,✘,✘,✘,✘,✘,✘,✘,✔︎,✘,✘,✘,✘,✘,✘,✘,✘,✘,✔︎,✘,✘,✘,✘,✘,✘,✘,✘,✘,✘,✘,✘,✔︎,✘,✘,✘,✘,✘,✘,✘,✘,✘,✘,✘,✘,✘,✘,✘,✘,✘,✘,✘,✘,✘,✔︎,✘,✘,✘,✔︎,✔︎,✘,✔︎,✘,✘,✘,✘,✔︎,✘,✔︎,✔︎,✘,✘,✘,✘,✘,✔︎,✘,✘,✔︎,✘,✘,✔︎,✘,✔︎,,,,
,Customization of reminder,Snooze reminder,9,6%,✘,✘,✘,✘,✘,✘,✘,✔︎,✘,✘,✘,✘,✘,✘,✘,✘,✘,✘,✘,✘,✘,✘,✘,✘,✘,✘,✘,✘,✘,✘,✘,✘,✘,✘,✘,✘,✘,✘,✘,✘,✘,✘,✘,✘,✘,✘,✘,✘,✘,✘,✘,✘,✘,✘,✔︎,✘,✔︎,✘,✘,✘,✔︎,✘,✘,✘,✘,✘,✘,✘,✘,✘,✘,✘,✘,✘,✘,✔︎,✘,✘,✘,✘,✘,✘,✘,✘,✘,✘,✘,✘,✘,✘,✘,✘,✘,✘,✘,✘,✘,✘,✘,✘,✘,✘,✘,✘,✘,✘,✘,✘,✘,✘,✘,✘,✘,✘,✘,✔︎,✘,✘,✘,✘,✘,✘,✘,✘,✘,✘,✔︎,✘,✘,✔︎,✘,✔︎,✘,✘,✘,✘,✘,✘,✘,✘,✘,✘,✘,✘,✘,✘,✘,✘,✘,✘,✘,,,,
,,Different alert types,21,14%,✘,✘,✔︎,✘,✘,✘,✘,✘,✘,✘,✘,✔︎,✘,✘,✘,✘,✔︎,✘,✘,✘,✘,✘,✘,✘,✘,✘,✔︎,✘,✘,✘,✘,✘,✘,✘,✘,✘,✘,✘,✘,✘,✘,✘,✘,✘,✘,✘,✘,✘,✘,✘,✔︎,✘,✘,✔︎,✔︎,✘,✔︎,✘,✘,✔︎,✘,✔︎,✘,✘,✘,✘,✔︎,✘,✘,✘,✘,✘,✘,✘,✔︎,✔︎,✘,✘,✘,✘,✘,✘,✘,✘,✘,✘,✘,✘,✘,✘,✘,✘,✘,✘,✘,✘,✘,✘,✘,✘,✘,✘,✘,✘,✘,✘,✔︎,✘,✘,✘,✘,✘,✘,✘,✘,✘,✘,✘,✘,✘,✘,✘,✘,✘,✘,✘,✔︎,✔︎,✔︎,✘,✘,✔︎,✘,✘,✘,✘,✘,✘,✘,✘,✘,✘,✘,✘,✘,✘,✘,✘,✔︎,✔︎,✔︎,,,,
,,Skip if completed,11,7%,✘,✘,✘,✘,✘,✘,✘,✘,✔︎,✘,✘,✘,✘,✔︎,✘,✘,✘,✘,✘,✘,✘,✘,✘,✘,✘,✘,✘,✘,✘,✘,✘,✘,✘,✘,✘,✘,✘,✘,✘,✘,✘,✘,✘,✘,✘,✘,✘,✘,✔︎,✘,✘,✘,✘,✘,✘,✘,✘,✘,✘,✘,✘,✔︎,✘,✘,✘,✘,✔︎,✘,✔︎,✘,✔︎,✘,✘,✘,✘,✘,✘,✔︎,✘,✘,✘,✘,✘,✘,✘,✘,✘,✘,✘,✘,✘,✘,✘,✘,✘,✘,✘,✘,✘,✘,✘,✘,✘,✘,✘,✘,✘,✘,✘,✘,✘,✘,✘,✘,✘,✘,✘,✘,✘,✘,✘,✘,✘,✘,✘,✘,✔︎,✘,✘,✔︎,✘,✔︎,✘,✘,✘,✘,✘,✘,✘,✘,✘,✘,✘,✘,✘,✘,✘,✘,✘,✘,✘,,,,
,Additional Pursuing Features,,34,23%,✔︎,✘,✘,✔︎,✘,✘,✘,✘,✘,✘,✘,✘,✘,✘,✘,✔︎,✔︎,✘,✘,✘,✔︎,✘,✘,✘,✘,✘,✘,✔︎,✘,✘,✘,✘,✘,✘,✘,✘,✔︎,✘,✘,✘,✘,✘,✘,✘,✔︎,✘,✘,✔︎,✘,✘,✔︎,✘,✘,✘,✘,✘,✘,✘,✘,✔︎,✘,✘,✘,✘,✘,✔︎,✘,✔︎,✔︎,✔︎,✘,✘,✘,✘,✘,✘,✘,✔︎,✔︎,✘,✘,✔︎,✔︎,✔︎,✘,✔︎,✘,✘,✘,✘,✔︎,✘,✘,✘,✔︎,✘,✘,✘,✘,✘,✘,✘,✘,✘,✘,✘,✘,✘,✘,✘,✘,✘,✘,✔︎,✘,✔︎,✘,✘,✘,✔︎,✘,✘,✘,✘,✘,✘,✘,✘,✔︎,✘,✔︎,✘,✘,✘,✔︎,✘,✔︎,✘,✘,✘,✔︎,✘,✘,✘,✔︎,✘,✘,✔︎,✘,✔︎,✘,,,,
Tracking,Mode,Fully-automatic,24,16%,✘,✘,✘,✘,✘,✘,✘,✔︎,✔︎,✔︎,✔︎,✘,✘,✔︎,✔︎,✔︎,✔︎,✘,✘,✘,✘,✘,✘,✘,✘,✘,✔︎,✘,✘,✔︎,✔︎,✔︎,✘,✘,✘,✘,✘,✘,✘,✘,✘,✘,✘,✘,✔︎,✘,✘,✘,✘,✔︎,✔︎,✘,✘,✘,✘,✘,✘,✘,✘,✘,✘,✘,✘,✘,✘,✘,✘,✔︎,✔︎,✔︎,✘,✘,✘,✘,✔︎,✘,✘,✘,✔︎,✘,✘,✘,✔︎,✘,✘,✔︎,✘,✘,✘,✘,✘,✘,✘,✘,✘,✘,✘,✘,✘,✘,✔︎,✔︎,✘,✘,✘,✘,✘,✘,✘,✘,✘,✘,✘,✘,✘,✘,✘,✘,✘,✘,✘,✘,✘,✘,✘,✘,✘,✘,✘,✘,✘,✘,✘,✘,✘,✘,✘,✘,✘,✘,✘,✘,✘,✘,✘,✘,✘,✘,✘,✘,✘,,,,
,,Semi-automatic,52,34%,✔︎,✔︎,✘,✔︎,✔︎,✘,✘,✘,✘,✘,✘,✘,✘,✘,✘,✘,✘,✔︎,✔︎,✔︎,✔︎,✔︎,✘,✘,✔︎,✔︎,✘,✔︎,✔︎,✘,✘,✘,✘,✔︎,✘,✘,✘,✘,✘,✘,✘,✘,✘,✘,✘,✘,✘,✔︎,✘,✘,✔︎,✔︎,✘,✔︎,✘,✘,✘,✘,✘,✘,✘,✘,✘,✘,✔︎,✔︎,✘,✔︎,✔︎,✔︎,✔︎,✘,✘,✔︎,✘,✘,✔︎,✘,✔︎,✘,✘,✔︎,✘,✘,✔︎,✔︎,✔︎,✔︎,✔︎,✔︎,✔︎,✘,✘,✘,✔︎,✘,✘,✘,✔︎,✘,✘,✘,✔︎,✔︎,✔︎,✘,✔︎,✘,✘,✘,✘,✘,✘,✘,✔︎,✘,✘,✘,✔︎,✔︎,✘,✘,✘,✘,✘,✘,✔︎,✘,✔︎,✘,✔︎,✔︎,✘,✔︎,✘,✔︎,✘,✘,✘,✘,✘,✘,✔︎,✘,✘,✔︎,✘,✘,✘,✘,✘,,,,
,,Manually,107,71%,✔︎,✔︎,✔︎,✔︎,✔︎,✔︎,✔︎,✘,✘,✘,✘,✔︎,✔︎,✘,✘,✘,✘,✘,✘,✘,✘,✘,✔︎,✔︎,✘,✘,✘,✘,✔︎,✘,✘,✘,✔︎,✘,✔︎,✔︎,✔︎,✔︎,✔︎,✔︎,✔︎,✔︎,✔︎,✔︎,✘,✔︎,✔︎,✔︎,✔︎,✘,✔︎,✘,✔︎,✔︎,✔︎,✔︎,✔︎,✔︎,✔︎,✔︎,✔︎,✔︎,✔︎,✔︎,✘,✔︎,✔︎,✔︎,✔︎,✔︎,✘,✔︎,✔︎,✘,✘,✔︎,✘,✔︎,✔︎,✔︎,✔︎,✔︎,✘,✔︎,✘,✔︎,✘,✘,✔︎,✘,✘,✔︎,✔︎,✔︎,✔︎,✔︎,✔︎,✔︎,✘,✔︎,✘,✘,✘,✘,✔︎,✔︎,✘,✔︎,✔︎,✔︎,✔︎,✔︎,✔︎,✔︎,✘,✔︎,✔︎,✔︎,✔︎,✔︎,✔︎,✔︎,✔︎,✔︎,✔︎,✔︎,✔︎,✔︎,✔︎,✔︎,✔︎,✔︎,✔︎,✘,✔︎,✔︎,✔︎,✔︎,✔︎,✔︎,✔︎,✔︎,✘,✔︎,✔︎,✔︎,✔︎,✔︎,✔︎,✔︎,✔︎,,,,
,Granularity,Task,111,74%,✔︎,✔︎,✔︎,✔︎,✔︎,✘,✔︎,✔︎,✔︎,✔︎,✔︎,✔︎,✔︎,✔︎,✔︎,✔︎,✘,✔︎,✔︎,✔︎,✔︎,✔︎,✘,✘,✔︎,✔︎,✔︎,✔︎,✔︎,✔︎,✔︎,✘,✔︎,✘,✔︎,✔︎,✔︎,✔︎,✔︎,✔︎,✔︎,✔︎,✔︎,✘,✘,✔︎,✔︎,✔︎,✘,✔︎,✔︎,✔︎,✘,✔︎,✘,✘,✘,✘,✔︎,✘,✘,✘,✘,✔︎,✔︎,✔︎,✘,✔︎,✔︎,✔︎,✔︎,✔︎,✔︎,✔︎,✔︎,✔︎,✔︎,✔︎,✔︎,✔︎,✘,✔︎,✘,✔︎,✔︎,✔︎,✘,✔︎,✔︎,✔︎,✔︎,✔︎,✔︎,✔︎,✔︎,✔︎,✔︎,✔︎,✔︎,✔︎,✔︎,✔︎,✔︎,✔︎,✘,✘,✔︎,✔︎,✘,✘,✔︎,✔︎,✔︎,✔︎,✔︎,✘,✔︎,✔︎,✘,✔︎,✘,✔︎,✘,✘,✘,✘,✔︎,✘,✔︎,✘,✘,✘,✘,✔︎,✔︎,✔︎,✔︎,✘,✔︎,✔︎,✔︎,✔︎,✔︎,✔︎,✔︎,✔︎,✔︎,✘,✔︎,✔︎,✔︎,,,,
,,Goal,62,41%,✘,✘,✘,✘,✘,✔︎,✘,✘,✘,✘,✘,✘,✘,✘,✘,✔︎,✔︎,✘,✘,✘,✘,✔︎,✔︎,✔︎,✘,✘,✘,✘,✘,✔︎,✔︎,✔︎,✘,✔︎,✘,✘,✘,✔︎,✘,✘,✘,✘,✔︎,✔︎,✔︎,✘,✘,✘,✔︎,✘,✘,✘,✔︎,✘,✔︎,✔︎,✔︎,✔︎,✔︎,✔︎,✔︎,✔︎,✔︎,✔︎,✔︎,✘,✔︎,✔︎,✘,✘,✘,✘,✔︎,✘,✔︎,✔︎,✘,✘,✘,✘,✔︎,✘,✔︎,✔︎,✘,✘,✔︎,✘,✘,✘,✘,✔︎,✘,✘,✔︎,✘,✘,✘,✘,✘,✘,✘,✘,✘,✔︎,✔︎,✘,✘,✔︎,✔︎,✘,✘,✘,✘,✘,✔︎,✘,✘,✔︎,✘,✔︎,✔︎,✔︎,✔︎,✔︎,✔︎,✔︎,✔︎,✘,✔︎,✔︎,✔︎,✔︎,✘,✘,✘,✘,✔︎,✘,✘,✔︎,✘,✘,✔︎,✘,✘,✘,✔︎,✘,✔︎,✔︎,,,,
,Temporality,Immediate,79,52%,✔︎,✘,✘,✔︎,✔︎,✘,✘,✔︎,✘,✔︎,✔︎,✘,✔︎,✔︎,✔︎,✔︎,✔︎,✔︎,✔︎,✔︎,✔︎,✔︎,✘,✘,✔︎,✔︎,✔︎,✔︎,✘,✔︎,✔︎,✔︎,✘,✔︎,✔︎,✔︎,✔︎,✘,✘,✘,✔︎,✘,✔︎,✘,✔︎,✘,✘,✔︎,✘,✔︎,✔︎,✔︎,✘,✔︎,✘,✘,✔︎,✘,✔︎,✔︎,✘,✘,✘,✘,✘,✔︎,✘,✔︎,✔︎,✔︎,✔︎,✘,✘,✔︎,✔︎,✘,✔︎,✘,✔︎,✔︎,✘,✔︎,✔︎,✔︎,✘,✔︎,✔︎,✔︎,✔︎,✔︎,✔︎,✘,✘,✘,✔︎,✘,✘,✘,✔︎,✘,✘,✔︎,✔︎,✔︎,✔︎,✘,✔︎,✘,✘,✘,✘,✘,✘,✔︎,✔︎,✔︎,✘,✘,✘,✔︎,✘,✘,✘,✘,✘,✘,✔︎,✘,✔︎,✔︎,✔︎,✔︎,✔︎,✘,✘,✔︎,✘,✘,✘,✘,✔︎,✘,✔︎,✘,✘,✘,✘,✘,✔︎,✘,✔︎,,,,
,,Deferred,105,70%,✔︎,✔︎,✔︎,✔︎,✔︎,✔︎,✔︎,✔︎,✔︎,✘,✘,✔︎,✘,✘,✘,✘,✘,✘,✘,✘,✘,✘,✔︎,✔︎,✘,✘,✘,✘,✔︎,✘,✘,✘,✔︎,✘,✔︎,✔︎,✔︎,✔︎,✔︎,✔︎,✘,✔︎,✔︎,✔︎,✘,✔︎,✔︎,✔︎,✔︎,✘,✘,✘,✔︎,✔︎,✔︎,✔︎,✔︎,✔︎,✘,✔︎,✔︎,✔︎,✔︎,✔︎,✔︎,✔︎,✔︎,✔︎,✔︎,✔︎,✘,✔︎,✔︎,✘,✘,✔︎,✘,✔︎,✔︎,✘,✔︎,✔︎,✘,✘,✔︎,✔︎,✘,✘,✔︎,✘,✘,✔︎,✔︎,✔︎,✔︎,✔︎,✔︎,✔︎,✘,✔︎,✔︎,✘,✘,✘,✔︎,✔︎,✘,✔︎,✔︎,✔︎,✔︎,✔︎,✔︎,✔︎,✘,✔︎,✔︎,✔︎,✔︎,✘,✔︎,✔︎,✔︎,✔︎,✔︎,✔︎,✔︎,✔︎,✔︎,✔︎,✔︎,✔︎,✔︎,✔︎,✔︎,✔︎,✔︎,✔︎,✔︎,✔︎,✘,✔︎,✘,✔︎,✔︎,✔︎,✔︎,✔︎,✔︎,✔︎,✔︎,,,,
,Adjustability,,58,38%,✔︎,✘,✔︎,✔︎,✘,✘,✘,✘,✘,✘,✘,✔︎,✘,✘,✘,✘,✘,✘,✘,✘,✘,✘,✘,✘,✘,✘,✘,✘,✔︎,✘,✘,✘,✘,✘,✘,✘,✘,✔︎,✘,✘,✘,✘,✔︎,✔︎,✘,✘,✘,✔︎,✘,✘,✘,✘,✔︎,✔︎,✔︎,✘,✔︎,✘,✘,✔︎,✘,✔︎,✔︎,✘,✔︎,✘,✔︎,✘,✔︎,✔︎,✘,✘,✔︎,✘,✘,✔︎,✘,✔︎,✔︎,✘,✔︎,✔︎,✘,✘,✘,✔︎,✘,✘,✘,✘,✔︎,✔︎,✔︎,✔︎,✘,✔︎,✘,✘,✘,✘,✘,✘,✘,✘,✔︎,✘,✘,✘,✘,✔︎,✘,✘,✔︎,✘,✔︎,✘,✔︎,✘,✔︎,✘,✘,✔︎,✔︎,✔︎,✘,✔︎,✔︎,✔︎,✔︎,✔︎,✔︎,✔︎,✔︎,✔︎,✔︎,✔︎,✔︎,✔︎,✘,✘,✘,✘,✘,✘,✘,✔︎,✘,✔︎,✘,✔︎,✔︎,,,,
,Verification,,15,10%,✘,✘,✔︎,✘,✘,✘,✘,✘,✘,✘,✘,✘,✔︎,✘,✘,✘,✘,✘,✘,✘,✘,✘,✘,✘,✘,✘,n.A.,✘,✘,n.a.,✔︎,✘,✘,✘,✘,✘,✘,✘,✘,✘,✘,✘,✘,✘,✘,✘,✘,✘,✘,✘,✔︎,✘,✘,✘,✘,✘,✘,✘,✘,✘,✘,✘,✔︎,✘,✔︎,✘,✔︎,✔︎,✘,✘,✘,✘,✘,✘,✔︎,✔︎,✘,✘,✔︎,✔︎,✘,✘,✔︎,✘,✘,✘,✘,✘,✘,✘,✘,✘,✘,✘,✘,✘,✘,✘,✘,✘,✘,✘,✘,✘,✘,✘,✘,✘,✘,✘,✘,✘,✘,✘,✘,✘,✘,✘,✔︎,✘,✘,✘,✘,✘,✘,✘,✘,✘,✘,✘,✘,✘,✘,✘,✘,✘,✘,✘,✘,✘,✘,✘,✘,✘,✘,✘,✔︎,✘,✘,✘,✘,,,,
Reflecting,Description,,134,89%,✔︎,✔︎,✔︎,✔︎,✔︎,✔︎,✔︎,✔︎,✔︎,✘,✔︎,✔︎,✔︎,✔︎,✔︎,✔︎,✔︎,✔︎,✔︎,✔︎,✔︎,✔︎,✔︎,✔︎,✔︎,✔︎,✔︎,✔︎,✔︎,✔︎,✔︎,✔︎,✔︎,✔︎,✔︎,✔︎,✔︎,✔︎,✔︎,✔︎,✔︎,✔︎,✔︎,✘,✔︎,✔︎,✘,✔︎,✔︎,✔︎,✔︎,✔︎,✔︎,✔︎,✔︎,✔︎,✔︎,✔︎,✔︎,✔︎,✔︎,✔︎,✔︎,✔︎,✔︎,✔︎,✔︎,✔︎,✔︎,✔︎,✔︎,✔︎,✘,✔︎,✔︎,✔︎,✔︎,✔︎,✔︎,✔︎,✔︎,✔︎,✔︎,✔︎,✔︎,✔︎,✘,✔︎,✔︎,✔︎,✔︎,✔︎,✔︎,✔︎,✔︎,✔︎,✔︎,✔︎,✔︎,✔︎,✔︎,✔︎,✔︎,✔︎,✔︎,✘,✔︎,✔︎,✔︎,✔︎,✘,✔︎,✔︎,✔︎,✔︎,✔︎,✘,✘,✔︎,✔︎,✔︎,✔︎,✔︎,✔︎,✔︎,✘,✔︎,✔︎,✔︎,✔︎,✔︎,✔︎,✔︎,✔︎,✘,✔︎,✔︎,✘,✘,✔︎,✔︎,✘,✔︎,✔︎,✘,✔︎,✔︎,✘,✘,✔︎,✔︎,,,,
,Diagnosis,,14,9%,✘,✔︎,✘,✔︎,✘,✘,✘,✘,✘,✘,✔︎,✘,✘,✘,✔︎,✘,✘,✘,✘,✘,✘,✘,✘,✘,✘,✘,✘,✔︎,✘,✘,✘,✘,✘,✘,✔︎,✘,✘,✘,✘,✘,✘,✘,✘,✘,✘,✘,✔︎,✘,✘,✘,✘,✘,✘,✘,✘,✘,✘,✘,✘,✘,✘,✘,✘,✘,✘,✘,✘,✘,✘,✘,✘,✘,✘,✘,✘,✘,✘,✘,✘,✔︎,✘,✘,✘,✘,✔︎,✘,✘,✘,✘,✘,✘,✘,✘,✘,✘,✘,✘,✘,✔︎,✘,✘,✘,✘,✘,✘,✘,✘,✘,✘,✘,✘,✘,✘,✘,✘,✔︎,✘,✘,✘,✔︎,✔︎,✘,✘,✘,✘,✘,✘,✘,✘,✘,✘,✘,✘,✘,✘,✔︎,✘,✘,✘,✘,✘,✘,✘,✘,✘,✘,✘,✘,✘,✘,✘,,,,
,Discovery,,25,17%,✘,✘,✘,✔︎,✘,✘,✘,✘,✘,✘,✘,✘,✘,✘,✔︎,✔︎,✘,✘,✘,✘,✘,✘,✘,✘,✘,✘,✘,✘,✘,✘,✔︎,✘,✘,✘,✘,✘,✘,✔︎,✘,✔︎,✘,✘,✘,✘,✘,✘,✔︎,✘,✘,✘,✔︎,✘,✘,✘,✘,✘,✘,✘,✘,✘,✘,✔︎,✘,✘,✔︎,✘,✘,✔︎,✔︎,✔︎,✘,✘,✘,✘,✘,✘,✘,✘,✔︎,✔︎,✘,✘,✘,✘,✘,✔︎,✘,✘,✘,✘,✘,✘,✘,✘,✔︎,✘,✘,✘,✔︎,✘,✘,✘,✘,✘,✘,✘,✘,✘,✘,✘,✘,✘,✘,✘,✔︎,✔︎,✘,✘,✘,✔︎,✘,✘,✘,✘,✘,✘,✘,✘,✘,✘,✘,✘,✘,✘,✘,✔︎,✔︎,✘,✘,✘,✔︎,✘,✘,✘,✘,✘,✘,✘,✘,✘,✔︎,,,,
,Prediction,,9,6%,✔︎,✔︎,✘,✘,✘,✘,✔︎,✘,✔︎,✘,✘,✘,✘,✔︎,✘,✘,✘,✘,✘,✘,✘,✘,✘,✘,✘,✘,✘,✘,✘,✘,✘,✘,✘,✘,✘,✘,✘,✘,✘,✘,✘,✘,✘,✘,✘,✘,✘,✘,✘,✘,✘,✘,✘,✘,✘,✘,✘,✘,✘,✘,✘,✘,✘,✘,✘,✘,✘,✘,✘,✘,✘,✘,✘,✘,✘,✘,✘,✘,✘,✘,✔︎,✘,✘,✘,✔︎,✘,✘,✘,✘,✘,✘,✘,✘,✘,✘,✘,✘,✘,✔︎,✘,✘,✘,✘,✘,✘,✘,✘,✘,✘,✘,✘,✘,✘,✘,✘,✘,✘,✘,✘,✘,✘,✘,✘,✘,✘,✘,✘,✘,✘,✘,✘,✘,✘,✘,✘,✘,✔︎,✘,✘,✘,✘,✘,✘,✘,✘,✘,✘,✘,✘,✘,✘,,,,
,Prescription,,10,7%,✘,✘,✘,✔︎,✘,✘,✘,✘,✘,✘,✘,✘,✘,✘,✘,✔︎,✘,✘,✘,✘,✘,✘,✘,✘,✘,✘,✘,✘,✘,✘,✘,✘,✘,✘,✘,✘,✘,✘,✘,✘,✘,✘,✘,✘,✘,✘,✘,✘,✘,✘,✘,✘,✘,✘,✘,✘,✘,✘,✘,✘,✘,✘,✘,✘,✘,✘,✘,✘,✘,✘,✘,✘,✘,✘,✘,✘,✘,✘,✘,✘,✘,✘,✘,✘,✔︎,✘,✘,✘,✘,✘,✘,✘,✘,✔︎,✘,✘,✘,✘,✔︎,✔︎,✘,✘,✘,✘,✘,✘,✘,✘,✘,✘,✘,✘,✘,✘,✔︎,✘,✘,✘,✘,✔︎,✘,✘,✘,✘,✘,✘,✘,✘,✘,✘,✘,✘,✘,✘,✘,✘,✔︎,✘,✘,✘,✘,✘,✘,✘,✘,✘,✘,✘,✘,✔︎,✘,,,,
Consequencing,Type,Positive,101,67%,✘,✔︎,✘,✔︎,✘,✘,✔︎,✔︎,✔︎,✔︎,✔︎,✘,✔︎,✔︎,✔︎,✘,✔︎,✘,✘,✘,✔︎,✘,✘,✔︎,✘,✘,✘,✔︎,✘,✘,✔︎,✔︎,✔︎,✔︎,✔︎,✔︎,✔︎,✔︎,✘,✘,✔︎,✔︎,✔︎,✔︎,✔︎,✘,✘,✔︎,✘,✔︎,✔︎,✔︎,✔︎,✔︎,✔︎,✔︎,✔︎,✔︎,✔︎,✔︎,✔︎,✔︎,✔︎,✔︎,✔︎,✔︎,✔︎,✔︎,✔︎,✔︎,✔︎,✘,✘,✘,✔︎,✔︎,✔︎,✔︎,✔︎,✘,✘,✔︎,✔︎,✘,✔︎,✔︎,✔︎,✔︎,✘,✔︎,✔︎,✘,✘,✘,✔︎,✔︎,✔︎,✔︎,✘,✔︎,✘,✘,✔︎,✔︎,✔︎,✔︎,✘,✔︎,✔︎,✔︎,✘,✘,✘,✔︎,✔︎,✔︎,✘,✘,✔︎,✔︎,✔︎,✔︎,✘,✔︎,✘,✘,✘,✘,✔︎,✔︎,✔︎,✔︎,✔︎,✘,✔︎,✔︎,✔︎,✔︎,✘,✔︎,✔︎,✔︎,✘,✔︎,✔︎,✔︎,✘,✔︎,✔︎,✔︎,✘,,,,
,,Negative,16,11%,✘,✘,✘,✘,✘,✘,✘,✘,✘,✘,✘,✘,✔︎,✘,✘,✘,✘,✘,✘,✘,✔︎,✘,✘,✘,✘,✘,✘,✘,✘,✘,✘,✔︎,✘,✘,✘,✘,✘,✘,✘,✘,✘,✘,✘,✘,✘,✘,✘,✘,✘,✘,✘,✘,✘,✔︎,✘,✘,✘,✘,✘,✘,✘,✘,✘,✘,✔︎,✘,✘,✘,✘,✘,✘,✘,✘,✘,✘,✘,✘,✘,✘,✔︎,✘,✘,✘,✘,✘,✘,✘,✘,✘,✘,✘,✘,✘,✘,✘,✘,✘,✔︎,✘,✔︎,✘,✔︎,✔︎,✘,✘,✘,✘,✘,✘,✘,✘,✘,✘,✘,✘,✘,✘,✘,✘,✘,✘,✔︎,✘,✘,✘,✘,✘,✘,✘,✔︎,✔︎,✔︎,✔︎,✘,✘,✘,✘,✘,✘,✘,✘,✘,✘,✘,✔︎,✘,✘,✘,✘,✘,✘,,,,
,Persistence,Volatile,59,39%,✘,✔︎,✘,✔︎,✘,✘,✔︎,✔︎,✔︎,✔︎,✔︎,✘,✘,✔︎,✘,✘,✘,✘,✘,✘,✔︎,✘,✘,✘,✘,✘,✘,✘,✔︎,✘,✘,✔︎,✔︎,✔︎,✔︎,✔︎,✘,✘,✘,✘,✔︎,✔︎,✘,✔︎,✘,✘,✘,✘,✘,✔︎,✘,✘,✔︎,✘,✘,✘,✘,✘,✘,✘,✘,✘,✔︎,✘,✘,✔︎,✘,✔︎,✔︎,✔︎,✘,✘,✘,✘,✘,✘,✘,✔︎,✔︎,✘,✘,✘,✔︎,✘,✘,✔︎,✔︎,✔︎,✘,✔︎,✔︎,✘,✘,✘,✔︎,✔︎,✔︎,✘,✘,✘,✘,✘,✘,✔︎,✔︎,✔︎,✔︎,✔︎,✔︎,✔︎,✘,✘,✔︎,✘,✘,✔︎,✘,✘,✔︎,✔︎,✔︎,✘,✘,✘,✘,✘,✘,✘,✔︎,✔︎,✘,✔︎,✔︎,✘,✘,✔︎,✘,✔︎,✘,✘,✘,✘,✘,✔︎,✔︎,✔︎,✘,✘,✔︎,✔︎,✘,,,,
,,Permanent,63,42%,✘,✘,✘,✔︎,✘,✘,✘,✘,✘,✘,✘,✘,✔︎,✔︎,✔︎,✘,✔︎,✘,✘,✘,✔︎,✔︎,✘,✔︎,✘,✘,✘,✔︎,✘,✘,✔︎,✘,✘,✘,✔︎,✔︎,✔︎,✔︎,✘,✘,✘,✔︎,✔︎,✘,✔︎,✘,✘,✔︎,✘,✘,✔︎,✔︎,✘,✔︎,✔︎,✔︎,✔︎,✔︎,✔︎,✔︎,✔︎,✔︎,✘,✔︎,✔︎,✘,✔︎,✔︎,✘,✔︎,✔︎,✘,✘,✘,✔︎,✔︎,✔︎,✘,✔︎,✘,✘,✔︎,✘,✘,✔︎,✔︎,✘,✘,✘,✘,✘,✘,✘,✘,✘,✘,✘,✘,✘,✔︎,✘,✘,✘,✘,✘,✔︎,✘,✘,✘,✘,✘,✘,✘,✔︎,✔︎,✔︎,✘,✔︎,✘,✔︎,✘,✔︎,✔︎,✔︎,✘,✘,✘,✘,✘,✘,✔︎,✔︎,✘,✘,✔︎,✔︎,✔︎,✘,✘,✔︎,✔︎,✔︎,✘,✘,✔︎,✘,✘,✔︎,✘,✔︎,✘,,,,
,Tangibility,Virtual ,99,66%,✘,✔︎,✘,✔︎,✘,✘,✔︎,✔︎,✔︎,✘,✔︎,✘,✔︎,✔︎,✔︎,✘,✔︎,✘,✘,✘,✔︎,✔︎,✘,✔︎,✘,✘,✘,✔︎,✔︎,✘,✔︎,✔︎,✘,✘,✔︎,✔︎,✔︎,✔︎,✘,✘,✔︎,✔︎,✔︎,✔︎,✔︎,✘,✘,✔︎,✘,✘,✔︎,✔︎,✔︎,✔︎,✔︎,✔︎,✔︎,✔︎,✔︎,✔︎,✔︎,✔︎,✔︎,✔︎,✔︎,✔︎,✔︎,✔︎,✔︎,✔︎,✔︎,✘,✘,✘,✔︎,✔︎,✔︎,✔︎,✔︎,✔︎,✘,✔︎,✔︎,✘,✔︎,✔︎,✔︎,✔︎,✘,✔︎,✔︎,✘,✘,✘,✔︎,✔︎,✔︎,✔︎,✘,✔︎,✘,✘,✔︎,✔︎,✔︎,✔︎,✘,✘,✔︎,✔︎,✘,✘,✘,✔︎,✔︎,✔︎,✘,✔︎,✔︎,✔︎,✔︎,✔︎,✔︎,✔︎,✘,✘,✘,✘,✔︎,✔︎,✔︎,✔︎,✔︎,✘,✔︎,✔︎,✔︎,✔︎,✘,✔︎,✘,✔︎,✘,✘,✔︎,✔︎,✘,✔︎,✔︎,✔︎,✘,,,,
,,Real,5,3%,✘,✘,✘,✘,✘,✘,✘,✘,✘,✘,✘,✘,✘,✘,✘,✘,✘,✘,✘,✘,✘,✘,✘,✘,✘,✘,✘,✘,✘,✘,✘,✔︎,✘,✘,✘,✘,✔︎,✘,✘,✘,✘,✘,✔︎,✘,✘,✘,✘,✘,✘,✘,✘,✘,✘,✘,✘,✘,✘,✘,✘,✘,✘,✘,✘,✘,✘,✘,✘,✔︎,✘,✘,✘,✘,✘,✘,✘,✘,✘,✘,✘,✘,✘,✘,✘,✘,✘,✘,✘,✘,✘,✘,✘,✘,✘,✘,✘,✘,✘,✘,✘,✘,✘,✘,✘,✘,✘,✘,✘,✘,✘,✘,✘,✘,✘,✘,✘,✘,✘,✘,✘,✘,✘,✘,✘,✘,✘,✘,✘,✘,✘,✘,✘,✘,✘,✘,✘,✘,✘,✘,✘,✘,✔︎,✘,✘,✘,✘,✘,✘,✘,✘,✘,✘,,,,
,,,,,,,,,,,,,,,,,,,,,,,,,,,,,,,,,,,,,,,,,,,,,,,,,,,,,,,,,,,,,,,,,,,,,,,,,,,,,,,,,,,,,,,,,,,,,,,,,,,,,,,,,,,,,,,,,,,,,,,,,,,,,,,,,,,,,,,,,,,,,,,,,,,,,,,,,,,,,,,
,,✘,1,min,47,46,54,48,55,57,53,46,49,57,48,54,49,48,43,46,50,59,60,59,52,47,56,43,58,58,53,52,55,56,53,51,57,55,44,54,52,47,54,53,58,54,50,56,50,53,51,49,57,54,37,57,55,41,48,53,49,55,44,50,52,47,53,48,44,54,40,42,32,43,52,58,55,60,47,45,51,50,36,47,52,40,53,52,50,43,57,56,55,53,47,56,56,55,42,53,53,51,54,48,59,54,52,53,49,55,60,57,54,53,60,61,56,46,45,45,55,51,57,43,51,43,50,52,52,43,38,50,38,44,40,34,44,51,57,44,44,55,59,52,49,57,53,42,46,46,62,45,40,44,39,"50,4",68%,,
,,✔︎,134,max,27,28,20,26,19,17,21,28,25,17,26,20,23,26,31,28,24,15,14,15,22,27,18,31,16,16,19,22,19,17,21,23,17,19,30,20,22,27,20,21,16,20,24,18,24,21,23,23,17,20,37,17,19,33,26,20,25,19,30,24,22,27,19,25,30,20,34,32,42,31,22,16,19,14,27,29,23,24,38,27,22,34,21,22,24,31,17,18,19,21,27,18,18,19,32,21,21,23,20,26,15,20,22,21,25,19,14,17,20,21,14,13,18,28,29,29,19,23,17,31,22,31,24,22,22,31,36,24,36,30,34,40,30,23,17,30,30,19,15,22,25,17,21,32,28,28,12,29,34,30,35,"23,4",32%,,
,,sum,24,avg,74,74,74,74,74,74,74,74,74,74,74,74,72,74,74,74,74,74,74,74,74,74,74,74,74,74,72,74,74,73,74,74,74,74,74,74,74,74,74,74,74,74,74,74,74,74,74,72,74,74,74,74,74,74,74,73,74,74,74,74,74,74,72,73,74,74,74,74,74,74,74,74,74,74,74,74,74,74,74,74,74,74,74,74,74,74,74,74,74,74,74,74,74,74,74,74,74,74,74,74,74,74,74,74,74,74,74,74,74,74,74,74,74,74,74,74,74,74,74,74,73,74,74,74,74,74,74,74,74,74,74,74,74,74,74,74,74,74,74,74,74,74,74,74,74,74,74,74,74,74,74,"73,9",,,